trace_id,play_video_id,current_chunk, quality, rebuf, smooth, one_step_QoE, QoE,,,,,,,,,,,,,,,,,,
0,0,0,750,239,0,0.30785,0.30785,0.30785,,,,,,,,,,,,,,,,,
0,0,0.752,1850,0,1100,0.75,1.05785,0.75,,,,,,User stopped watching Video  0 (  17000.0  ms ) :,,,,,,,,,,,
0,0,2,1850,372,0,1.1618,2.21965,1.1618,,,,,,"User watched: 17000.0  ms, downloaded  17000.0  sec.",,,,,,,,,,,
0,0,3,1850,277,0,1.33755,3.5572,1.33755,,,,,,"Rebuf:  [0, 239.0, 0, 372.0, 277.0, 0, 1152.0, 0, 0, 0, 0, 0, 0, 0, 0, 0, 0, 0, 0, 154.0, 68.0]",,,,,,,,,,,
0,0,3.877,1850,0,0,1.85,5.4072,1.85,,,,,,"chunk versions:  [0, 2, 2, 2, 2, 0, 0, 0, 0, 0, 1, 0, 0, 1, 1, 1, 1] , smooth penalty:  3550",,,,,,,,,,,
0,0,5,750,1152,1100,-2.4812,2.926,-2.4812,,,,,,,,,,,,,,,,,
0,0,5.566,750,0,0,0.75,3.676,0.75,,,,,,,,,,,,,,,,,
0,0,6.275,750,0,0,0.75,4.426,0.75,,,,,,,,,,,,,,,,,
0,0,6.902,750,0,0,0.75,5.176,0.75,,,,,,,,,,,,,,,,,
0,0,7.071,1850,0,0,1.85,7.026,1.85,,,,,,,,,,,,,,,,,
0,0,7.713,750,0,0,0.75,7.776,0.75,,,,,,,,,,,,,,,,,
0,0,7.857,1200,0,650,0.55,8.326,0.55,,,,,,,,,,,,,,,,,
0,0,8.403,1200,0,0,1.2,9.526,1.2,,,,,,,,,,,,,,,,,
0,0,9.621,1200,0,450,0.75,10.276,0.75,,,,,,,,,,,,,,,,,
0,0,10.042,750,0,450,0.3,10.576,0.3,,,,,,,,,,,,,,,,,
0,0,11.367,750,0,0,0.75,11.326,0.75,,,,,,,,,,,,,,,,,
0,0,12.964,1200,0,450,0.75,12.076,0.75,,,,,,User stopped watching Video  1 (  26000.0  ms ) :,,,,,,,,,,,
0,0,13.784,1200,0,0,1.2,13.276,1.2,,,,,,"User watched: 26000.0  ms, downloaded  26000.0  sec.",,,,,,,,,,,
0,0,15,1200,154,0,0.9151,14.1911,0.9151,,,,,,"Rebuf:  [0, 0, 521.0, 655.0, 39.0, 22.0, 118.0, 7.0, 44.0, 0, 0, 0, 0, 0, 0, 442.0, 615.0, 186.0, 0, 0, 519.0, 0, 0, 0, 0, 0, 0, 0, 0, 0]",,,,,,,,,,,
0,0,16,1200,68,0,1.0742,15.2653,1.0742,,,,,,"chunk versions:  [2, 1, 1, 0, 0, 0, 0, 0, 0, 0, 0, 0, 1, 1, 1, 0, 0, 0, 0, 0, 0, 1, 1, 1, 1, 1] , smooth penalty:  2450",,,,,,,,,,,
0,1,0.189,1200,0,0,1.2,16.4653,,,,,,,,,,,,,,,,,,
0,1,2.766,750,0,450,0.3,16.7653,,,,,,,,,,,,,,,,,,
0,1,4,750,521,0,-0.21385,16.55145,,,,,,,,,,,,,,,,,,
0,1,5,750,655,0,-0.46175,16.0897,,,,,,,,,,,,,,,,,,
0,1,6,750,39,0,0.67785,16.76755,,,,,,,,,,,,,,,,,,
0,1,7,750,22,0,0.7093,17.47685,,,,,,,,,,,,,,,,,,
0,1,8,750,118,0,0.5317,18.00855,,,,,,,,,,,,,,,,,,
0,1,9,750,7,0,0.73705,18.7456,,,,,,,,,,,,,,,,,,
0,1,10,750,44,0,0.6686,19.4142,,,,,,,,,,,,,,,,,,
0,1,10.873,750,0,0,0.75,20.1642,,,,,,,,,,,,,,,,,,
0,1,11.713,1200,0,450,0.75,20.9142,,,,,,,,,,,,,,,,,,
0,1,11.87,1200,0,0,1.2,22.1142,,,,,,,,,,,,,,,,,,
0,1,12.976,750,0,450,0.3,22.4142,,,,,,,,,,,,,,,,,,
0,1,13.144,1200,0,0,1.2,23.6142,,,,,,,,,,,,,,,,,,
0,1,14.988,750,0,450,0.3,23.9142,,,,,,,,,,,,,,,,,,
0,1,16,750,442,0,-0.0677,23.8465,,,,,,,,,,,,,,,,,,
0,1,17,750,615,0,-0.38775,23.45875,,,,,,,,,,,,,,,,,,
0,1,18,750,186,0,0.4059,23.86465,,,,,,,,,,,,,,,,,,
0,1,18.998,750,0,0,0.75,24.61465,,,,,,,,,,,,,,,,,,
0,1,19.932,750,0,0,0.75,25.36465,,,,,,,,,,,,,,,,,,
0,1,21,1200,519,450,-0.21015,25.1545,,,,,,,,,,,,,,,,,,
0,1,21.109,1200,0,0,1.2,26.3545,,,,,,,,,,,,,,,,,,
0,1,21.244,1200,0,0,1.2,27.5545,,,,,,,,,,,,,,,,,,
0,1,21.963,0,0,0,0,27.5545,,,,,,,,,,,,,,,,,,
0,1,22.681,750,0,0,0.75,28.3045,,,,,,,,,,,,,,,,,,
0,1,22.804,1200,0,0,1.2,29.5045,,,,,,,,,,,,,,,,,,
0,1,23.421,750,0,0,0.75,30.2545,,,,,,,,,,,,,,,,,,
0,1,23.858,1200,0,0,1.2,31.4545,,,,,,,,,,,,,,,,,,
0,1,24.774,750,0,0,0.75,32.2045,,,,,,,,,,,,,,,,,,
0,1,25.366,750,0,0,0.75,32.9545,,,,,,,,,,,,,,,,,,
0,2,0.176,750,0,0,0.75,33.7045,,,,,,,,,,,,,,,,,,
0,2,1.005,0,0,0,0,33.7045,,,,,,,,,,,,,,,,,,
0,3,0.15,750,0,0,0.75,34.4545,,,,,,,,,,,,,,,,,,
0,3,1.753,750,0,0,0.75,35.2045,,,,,,,,,,,,,,,,,,
0,3,3.14,750,0,0,0.75,35.9545,,,,,,,,,,,,,,,,,,
0,3,3.691,1200,0,1200,0,35.9545,,,,,,,,,,,,,,,,,,
0,3,4.02,750,0,0,0.75,36.7045,,,,,,,,,,,,,,,,,,
0,3,4.147,0,0,0,0,36.7045,,,,,,,,,,,,,,,,,,
0,3,4.83,750,0,0,0.75,37.4545,,,,,,,,,,,,,,,,,,
0,3,5.208,750,0,0,0.75,38.2045,,,,,,,,,,,,,,,,,,
0,4,0.374,0,0,0,0,38.2045,,,,,,,,,,,,,,,,,,
0,4,1.155,0,0,0,0,38.2045,,,,,,,,,,,,,,,,,,
0,4,1.487,1200,0,0,1.2,39.4045,,,,,,,,,,,,,,,,,,
0,4,1.974,0,0,0,0,39.4045,,,,,,,,,,,,,,,,,,
0,4,2.539,0,0,0,0,39.4045,,,,,,,,,,,,,,,,,,
0,5,0.32,0,0,0,0,39.4045,,,,,,,,,,,,,,,,,,
0,5,1.059,1200,0,450,0.75,40.1545,,,,,,,,,,,,,,,,,,
0,5,1.732,1200,0,0,1.2,41.3545,,,,,,,,,,,,,,,,,,
0,5,2.232,0,0,0,0,41.3545,,,,,,,,,,,,,,,,,,
0,5,2.732,0,0,0,0,41.3545,,,,,,,,,,,,,,,,,,
0,5,3.232,0,0,0,0,41.3545,,,,,,,,,,,,,,,,,,
0,5,3.663,1200,0,1200,0,41.3545,,,,,,,,,,,,,,,,,,
0,5,4.163,0,0,0,0,41.3545,,,,,,,,,,,,,,,,,,
0,5,4.663,0,0,0,0,41.3545,,,,,,,,,,,,,,,,,,
0,5,5.163,0,0,0,0,41.3545,,,,,,,,,,,,,,,,,,
0,6,0.282,0,0,0,0,41.3545,,,,,,,,,,,,,,,,,,
0,7,0.282,0,0,0,0,41.3545,,,,,,,,,,,,,,,,,,
1,0,0,750,300,0,0.195,0.195,,,,,,,,,,,,,,,,,,
1,0,0.812,1850,0,1100,0.75,0.945,,,,,,,,,,,,,,,,,,
1,0,2,1850,1,0,1.84815,2.79315,,,,,,,,,,,,,,,,,,
1,0,2.54,1850,0,0,1.85,4.64315,,,,,,,,,,,,,,,,,,
1,0,2.817,1850,0,0,1.85,6.49315,,,,,,,,,,,,,,,,,,
1,0,4.756,1850,0,0,1.85,8.34315,,,,,,,,,,,,,,,,,,
1,0,5.961,1850,0,0,1.85,10.19315,,,,,,,,,,,,,,,,,,
1,0,7,1850,1333,0,-0.61605,9.5771,,,,,,,,,,,,,,,,,,
1,0,8,1850,350,0,1.2025,10.7796,,,,,,,,,,,,,,,,,,
1,0,9,1850,818,0,0.3367,11.1163,,,,,,,,,,,,,,,,,,
1,0,10,1850,589,0,0.76035,11.87665,,,,,,,,,,,,,,,,,,
1,0,11,1850,800,0,0.37,12.24665,,,,,,,,,,,,,,,,,,
1,0,12,1850,1278,0,-0.5143,11.73235,,,,,,,,,,,,,,,,,,
1,0,13,1850,181,0,1.51515,13.2475,,,,,,,,,,,,,,,,,,
1,0,13.484,1850,0,0,1.85,15.0975,,,,,,,,,,,,,,,,,,
1,0,14.76,1850,0,0,1.85,16.9475,,,,,,,,,,,,,,,,,,
1,0,16,1850,189,0,1.50035,18.44785,,,,,,,,,,,,,,,,,,
1,0,16.166,1850,0,0,1.85,20.29785,,,,,,,,,,,,,,,,,,
1,0,16.323,1850,0,0,1.85,22.14785,,,,,,,,,,,,,,,,,,
1,0,16.918,1850,0,0,1.85,23.99785,,,,,,,,,,,,,,,,,,
1,1,0.883,1850,0,0,1.85,25.84785,,,,,,,,,,,,,,,,,,
1,1,3,1850,665,0,0.61975,26.4676,,,,,,,,,,,,,,,,,,
1,1,4,1850,2025,0,-1.89625,24.57135,,,,,,,,,,,,,,,,,,
1,1,5,1850,704,0,0.5476,25.11895,,,,,,,,,,,,,,,,,,
1,1,6,1850,419,0,1.07485,26.1938,,,,,,,,,,,,,,,,,,
1,1,7,1850,392,0,1.1248,27.3186,,,,,,,,,,,,,,,,,,
1,1,8,1850,225,0,1.43375,28.75235,,,,,,,,,,,,,,,,,,
1,1,8.859,1850,0,0,1.85,30.60235,,,,,,,,,,,,,,,,,,
1,1,9.881,1850,0,0,1.85,32.45235,,,,,,,,,,,,,,,,,,
1,1,10.671,1850,0,0,1.85,34.30235,,,,,,,,,,,,,,,,,,
1,1,11.223,1850,0,0,1.85,36.15235,,,,,,,,,,,,,,,,,,
1,1,11.358,1850,0,0,1.85,38.00235,,,,,,,,,,,,,,,,,,
1,1,12.264,1850,0,0,1.85,39.85235,,,,,,,,,,,,,,,,,,
1,1,12.393,1850,0,0,1.85,41.70235,,,,,,,,,,,,,,,,,,
1,1,13.359,0,0,0,0,41.70235,,,,,,,,,,,,,,,,,,
1,1,15,1850,4399,0,-6.28815,35.4142,,,,,,,,,,,,,,,,,,
1,1,16,1850,2944,0,-3.5964,31.8178,,,,,,,,,,,,,,,,,,
1,1,17,1850,307,0,1.28205,33.09985,,,,,,,,,,,,,,,,,,
1,1,18,1850,759,0,0.44585,33.5457,,,,,,,,,,,,,,,,,,
1,1,19,1850,197,0,1.48555,35.03125,,,,,,,,,,,,,,,,,,
1,1,19.972,1850,0,0,1.85,36.88125,,,,,,,,,,,,,,,,,,
1,1,20.457,1850,0,0,1.85,38.73125,,,,,,,,,,,,,,,,,,
1,1,20.555,1850,0,0,1.85,40.58125,,,,,,,,,,,,,,,,,,
1,1,21.144,1850,0,0,1.85,42.43125,,,,,,,,,,,,,,,,,,
1,1,21.27,1850,0,0,1.85,44.28125,,,,,,,,,,,,,,,,,,
1,1,22.381,1850,0,0,1.85,46.13125,,,,,,,,,,,,,,,,,,
1,1,22.519,1850,0,0,1.85,47.98125,,,,,,,,,,,,,,,,,,
1,1,24.483,1850,0,0,1.85,49.83125,,,,,,,,,,,,,,,,,,
1,1,25,1850,79,0,1.70385,51.5351,,,,,,,,,,,,,,,,,,
1,2,0.528,1850,0,650,1.2,52.7351,,,,,,,,,,,,,,,,,,
1,3,0.948,0,0,0,0,52.7351,,,,,,,,,,,,,,,,,,
1,3,3,1850,625,0,0.69375,53.42885,,,,,,,,,,,,,,,,,,
1,3,4,1850,1029,0,-0.05365,53.3752,,,,,,,,,,,,,,,,,,
1,3,4.713,1850,0,1850,0,53.3752,,,,,,,,,,,,,,,,,,
1,3,4.925,0,0,0,0,53.3752,,,,,,,,,,,,,,,,,,
1,4,0.784,1850,0,0,1.85,55.2252,,,,,,,,,,,,,,,,,,
1,4,2,1850,128,0,1.6132,56.8384,,,,,,,,,,,,,,,,,,
1,5,0,0,286,0,-0.5291,56.3093,,,,,,,,,,,,,,,,,,
1,5,0,1850,707,0,0.54205,56.85135,,,,,,,,,,,,,,,,,,
1,5,1,1850,453,0,1.01195,57.8633,,,,,,,,,,,,,,,,,,
1,5,1.974,1850,0,0,1.85,59.7133,,,,,,,,,,,,,,,,,,
1,5,3,1850,103,0,1.65945,61.37275,,,,,,,,,,,,,,,,,,
1,5,3.892,1850,0,0,1.85,63.22275,,,,,,,,,,,,,,,,,,
1,5,4.779,1850,0,0,1.85,65.07275,,,,,,,,,,,,,,,,,,
1,6,0,1850,1,0,1.84815,66.9209,,,,,,,,,,,,,,,,,,
1,7,0,0,0,0,0,66.9209,,,,,,,,,,,,,,,,,,
2,0,0,750,472,0,-0.1232,-0.1232,,,,,,,,,,,,,,,,,,
2,0,0.595,750,0,0,0.75,0.6268,,,,,,,,,,,,,,,,,,
2,0,1.44,750,0,0,0.75,1.3768,,,,,,,,,,,,,,,,,,
2,0,2.481,1200,0,450,0.75,2.1268,,,,,,,,,,,,,,,,,,
2,0,2.951,1200,0,0,1.2,3.3268,,,,,,,,,,,,,,,,,,
2,0,5,750,452,450,-0.5362,2.7906,,,,,,,,,,,,,,,,,,
2,0,6,750,150,0,0.4725,3.2631,,,,,,,,,,,,,,,,,,
2,0,7,750,339,0,0.12285,3.38595,,,,,,,,,,,,,,,,,,
2,0,8,750,212,0,0.3578,3.74375,,,,,,,,,,,,,,,,,,
2,0,9,750,151,0,0.47065,4.2144,,,,,,,,,,,,,,,,,,
2,0,9.844,750,0,0,0.75,4.9644,,,,,,,,,,,,,,,,,,
2,0,11,750,18,0,0.7167,5.6811,,,,,,,,,,,,,,,,,,
2,0,12,750,250,0,0.2875,5.9686,,,,,,,,,,,,,,,,,,
2,0,12.82,1200,0,450,0.75,6.7186,,,,,,,,,,,,,,,,,,
2,0,13.423,1200,0,0,1.2,7.9186,,,,,,,,,,,,,,,,,,
2,0,14.222,750,0,450,0.3,8.2186,,,,,,,,,,,,,,,,,,
2,0,14.977,750,0,0,0.75,8.9686,,,,,,,,,,,,,,,,,,
2,0,15.16,1200,0,0,1.2,10.1686,,,,,,,,,,,,,,,,,,
2,0,15.336,1200,0,0,1.2,11.3686,,,,,,,,,,,,,,,,,,
2,0,16.044,1200,0,0,1.2,12.5686,,,,,,,,,,,,,,,,,,
2,0,16.589,750,0,0,0.75,13.3186,,,,,,,,,,,,,,,,,,
2,1,0.278,750,0,0,0.75,14.0686,,,,,,,,,,,,,,,,,,
2,1,2.6,750,0,450,0.3,14.3686,,,,,,,,,,,,,,,,,,
2,1,4,750,550,0,-0.2675,14.1011,,,,,,,,,,,,,,,,,,
2,1,5,750,518,0,-0.2083,13.8928,,,,,,,,,,,,,,,,,,
2,1,6,750,910,0,-0.9335,12.9593,,,,,,,,,,,,,,,,,,
2,1,7,750,632,0,-0.4192,12.5401,,,,,,,,,,,,,,,,,,
2,1,8,750,340,0,0.121,12.6611,,,,,,,,,,,,,,,,,,
2,1,9,750,127,0,0.51505,13.17615,,,,,,,,,,,,,,,,,,
2,1,10,750,164,0,0.4466,13.62275,,,,,,,,,,,,,,,,,,
2,1,10.745,750,0,0,0.75,14.37275,,,,,,,,,,,,,,,,,,
2,1,11.148,1200,0,450,0.75,15.12275,,,,,,,,,,,,,,,,,,
2,1,11.262,1200,0,0,1.2,16.32275,,,,,,,,,,,,,,,,,,
2,1,11.81,0,0,0,0,16.32275,,,,,,,,,,,,,,,,,,
2,1,12.224,1200,0,450,0.75,17.07275,,,,,,,,,,,,,,,,,,
2,1,12.328,1200,0,0,1.2,18.27275,,,,,,,,,,,,,,,,,,
2,1,12.707,1200,0,0,1.2,19.47275,,,,,,,,,,,,,,,,,,
2,1,13.133,1200,0,0,1.2,20.67275,,,,,,,,,,,,,,,,,,
2,1,14.598,750,0,450,0.3,20.97275,,,,,,,,,,,,,,,,,,
2,1,15.63,750,0,0,0.75,21.72275,,,,,,,,,,,,,,,,,,
2,1,16.996,750,0,0,0.75,22.47275,,,,,,,,,,,,,,,,,,
2,1,17.668,750,0,0,0.75,23.22275,,,,,,,,,,,,,,,,,,
2,1,18.092,750,0,0,0.75,23.97275,,,,,,,,,,,,,,,,,,
2,1,19.107,1200,0,450,0.75,24.72275,,,,,,,,,,,,,,,,,,
2,1,19.59,1200,0,0,1.2,25.92275,,,,,,,,,,,,,,,,,,
2,1,20.042,1200,0,650,0.55,26.47275,,,,,,,,,,,,,,,,,,
2,1,20.142,1200,0,0,1.2,27.67275,,,,,,,,,,,,,,,,,,
2,1,20.872,1200,0,0,1.2,28.87275,,,,,,,,,,,,,,,,,,
2,1,21.473,1200,0,0,1.2,30.07275,,,,,,,,,,,,,,,,,,
2,1,21.582,1200,0,0,1.2,31.27275,,,,,,,,,,,,,,,,,,
2,1,22.247,1200,0,0,1.2,32.47275,,,,,,,,,,,,,,,,,,
2,1,22.373,1200,0,0,1.2,33.67275,,,,,,,,,,,,,,,,,,
2,1,22.878,1200,0,0,1.2,34.87275,,,,,,,,,,,,,,,,,,
2,1,23.526,1200,0,0,1.2,36.07275,,,,,,,,,,,,,,,,,,
2,1,23.761,1200,0,0,1.2,37.27275,,,,,,,,,,,,,,,,,,
2,1,24.261,0,0,0,0,37.27275,,,,,,,,,,,,,,,,,,
2,1,24.761,0,0,0,0,37.27275,,,,,,,,,,,,,,,,,,
2,1,25.261,0,0,0,0,37.27275,,,,,,,,,,,,,,,,,,
2,1,25.761,0,0,0,0,37.27275,,,,,,,,,,,,,,,,,,
2,2,0.261,0,0,0,0,37.27275,,,,,,,,,,,,,,,,,,
2,2,0.978,0,0,0,0,37.27275,,,,,,,,,,,,,,,,,,
2,2,1.499,1200,0,650,0.55,37.82275,,,,,,,,,,,,,,,,,,
2,3,0.108,0,0,0,0,37.82275,,,,,,,,,,,,,,,,,,
2,3,0.504,750,0,450,0.3,38.12275,,,,,,,,,,,,,,,,,,
2,3,1.062,1200,0,450,0.75,38.87275,,,,,,,,,,,,,,,,,,
2,3,1.664,0,0,0,0,38.87275,,,,,,,,,,,,,,,,,,
2,3,2.164,0,0,0,0,38.87275,,,,,,,,,,,,,,,,,,
2,3,2.664,0,0,0,0,38.87275,,,,,,,,,,,,,,,,,,
2,3,3.164,0,0,0,0,38.87275,,,,,,,,,,,,,,,,,,
2,3,3.454,1200,0,1200,0,38.87275,,,,,,,,,,,,,,,,,,
2,3,3.954,0,0,0,0,38.87275,,,,,,,,,,,,,,,,,,
2,3,4.454,0,0,0,0,38.87275,,,,,,,,,,,,,,,,,,
2,3,4.595,0,0,0,0,38.87275,,,,,,,,,,,,,,,,,,
2,3,5.095,0,0,0,0,38.87275,,,,,,,,,,,,,,,,,,
2,4,0.12,0,0,0,0,38.87275,,,,,,,,,,,,,,,,,,
2,4,0.691,0,0,0,0,38.87275,,,,,,,,,,,,,,,,,,
2,4,1.191,0,0,0,0,38.87275,,,,,,,,,,,,,,,,,,
2,4,1.691,0,0,0,0,38.87275,,,,,,,,,,,,,,,,,,
2,4,2.191,0,0,0,0,38.87275,,,,,,,,,,,,,,,,,,
2,5,0.014,0,0,0,0,38.87275,,,,,,,,,,,,,,,,,,
2,5,0.698,750,0,450,0.3,39.17275,,,,,,,,,,,,,,,,,,
2,5,1.162,750,0,0,0.75,39.92275,,,,,,,,,,,,,,,,,,
2,5,1.662,0,0,0,0,39.92275,,,,,,,,,,,,,,,,,,
2,5,2.162,0,0,0,0,39.92275,,,,,,,,,,,,,,,,,,
2,5,2.662,0,0,0,0,39.92275,,,,,,,,,,,,,,,,,,
2,5,3.162,0,0,0,0,39.92275,,,,,,,,,,,,,,,,,,
2,5,3.898,750,0,1200,-0.45,39.47275,,,,,,,,,,,,,,,,,,
2,5,4.398,0,0,0,0,39.47275,,,,,,,,,,,,,,,,,,
2,5,4.898,0,0,0,0,39.47275,,,,,,,,,,,,,,,,,,
2,6,0.017,0,0,0,0,39.47275,,,,,,,,,,,,,,,,,,
2,7,0.017,0,0,0,0,39.47275,,,,,,,,,,,,,,,,,,
3,0,0,750,451,0,-0.08435,-0.08435,,,,,,,,,,,,,,,,,,
3,0,0.938,1200,0,450,0.75,0.66565,,,,,,,,,,,,,,,,,,
3,0,1.485,750,0,450,0.3,0.96565,,,,,,,,,,,,,,,,,,
3,0,1.862,1200,0,450,0.75,1.71565,,,,,,,,,,,,,,,,,,
3,0,2.187,1200,0,0,1.2,2.91565,,,,,,,,,,,,,,,,,,
3,0,3.507,750,0,450,0.3,3.21565,,,,,,,,,,,,,,,,,,
3,0,3.708,1200,0,0,1.2,4.41565,,,,,,,,,,,,,,,,,,
3,0,3.929,1200,0,0,1.2,5.61565,,,,,,,,,,,,,,,,,,
3,0,4.553,1200,0,0,1.2,6.81565,,,,,,,,,,,,,,,,,,
3,0,5.446,750,0,0,0.75,7.56565,,,,,,,,,,,,,,,,,,
3,0,6.166,750,0,0,0.75,8.31565,,,,,,,,,,,,,,,,,,
3,0,7.072,750,0,0,0.75,9.06565,,,,,,,,,,,,,,,,,,
3,0,8.214,750,0,0,0.75,9.81565,,,,,,,,,,,,,,,,,,
3,0,9.368,1200,0,450,0.75,10.56565,,,,,,,,,,,,,,,,,,
3,0,10.461,750,0,450,0.3,10.86565,,,,,,,,,,,,,,,,,,
3,0,11.505,750,0,0,0.75,11.61565,,,,,,,,,,,,,,,,,,
3,0,12.126,1200,0,450,0.75,12.36565,,,,,,,,,,,,,,,,,,
3,0,12.557,1200,0,0,1.2,13.56565,,,,,,,,,,,,,,,,,,
3,0,13.469,1200,0,0,1.2,14.76565,,,,,,,,,,,,,,,,,,
3,0,14.255,1200,0,0,1.2,15.96565,,,,,,,,,,,,,,,,,,
3,0,14.928,1200,0,0,1.2,17.16565,,,,,,,,,,,,,,,,,,
3,0,15.802,1200,0,0,1.2,18.36565,,,,,,,,,,,,,,,,,,
3,0,16.418,0,0,0,0,18.36565,,,,,,,,,,,,,,,,,,
3,1,0.148,1200,0,0,1.2,19.56565,,,,,,,,,,,,,,,,,,
3,1,1.629,750,0,450,0.3,19.86565,,,,,,,,,,,,,,,,,,
3,1,3.34,750,0,0,0.75,20.61565,,,,,,,,,,,,,,,,,,
3,1,4.877,750,0,0,0.75,21.36565,,,,,,,,,,,,,,,,,,
3,1,6,750,165,0,0.44475,21.8104,,,,,,,,,,,,,,,,,,
3,1,7,750,358,0,0.0877,21.8981,,,,,,,,,,,,,,,,,,
3,1,7.452,750,0,0,0.75,22.6481,,,,,,,,,,,,,,,,,,
3,1,7.934,1200,0,450,0.75,23.3981,,,,,,,,,,,,,,,,,,
3,1,8.688,1200,0,0,1.2,24.5981,,,,,,,,,,,,,,,,,,
3,1,9.885,1200,0,0,1.2,25.7981,,,,,,,,,,,,,,,,,,
3,1,10.578,750,0,450,0.3,26.0981,,,,,,,,,,,,,,,,,,
3,1,11.084,1200,0,450,0.75,26.8481,,,,,,,,,,,,,,,,,,
3,1,11.203,1200,0,0,1.2,28.0481,,,,,,,,,,,,,,,,,,
3,1,11.709,750,0,450,0.3,28.3481,,,,,,,,,,,,,,,,,,
3,1,12.165,1200,0,0,1.2,29.5481,,,,,,,,,,,,,,,,,,
3,1,12.272,1200,0,0,1.2,30.7481,,,,,,,,,,,,,,,,,,
3,1,12.793,1200,0,0,1.2,31.9481,,,,,,,,,,,,,,,,,,
3,1,13.627,1200,0,0,1.2,33.1481,,,,,,,,,,,,,,,,,,
3,1,14.556,750,0,450,0.3,33.4481,,,,,,,,,,,,,,,,,,
3,1,15.693,750,0,0,0.75,34.1981,,,,,,,,,,,,,,,,,,
3,1,16.462,750,0,0,0.75,34.9481,,,,,,,,,,,,,,,,,,
3,1,17.157,750,0,0,0.75,35.6981,,,,,,,,,,,,,,,,,,
3,1,17.948,1200,0,450,0.75,36.4481,,,,,,,,,,,,,,,,,,
3,1,18.416,1200,0,0,1.2,37.6481,,,,,,,,,,,,,,,,,,
3,1,19.25,1200,0,0,1.2,38.8481,,,,,,,,,,,,,,,,,,
3,1,19.761,1200,0,0,1.2,40.0481,,,,,,,,,,,,,,,,,,
3,1,20.458,1200,0,0,1.2,41.2481,,,,,,,,,,,,,,,,,,
3,1,20.559,1200,0,0,1.2,42.4481,,,,,,,,,,,,,,,,,,
3,1,21.581,1200,0,0,1.2,43.6481,,,,,,,,,,,,,,,,,,
3,1,21.711,1200,0,0,1.2,44.8481,,,,,,,,,,,,,,,,,,
3,1,22.211,0,0,0,0,44.8481,,,,,,,,,,,,,,,,,,
3,1,22.322,1200,0,0,1.2,46.0481,,,,,,,,,,,,,,,,,,
3,1,22.822,0,0,0,0,46.0481,,,,,,,,,,,,,,,,,,
3,1,23.322,0,0,0,0,46.0481,,,,,,,,,,,,,,,,,,
3,1,23.58,1200,0,0,1.2,47.2481,,,,,,,,,,,,,,,,,,
3,1,24.08,0,0,0,0,47.2481,,,,,,,,,,,,,,,,,,
3,1,24.58,0,0,0,0,47.2481,,,,,,,,,,,,,,,,,,
3,1,25.08,0,0,0,0,47.2481,,,,,,,,,,,,,,,,,,
3,1,25.58,0,0,0,0,47.2481,,,,,,,,,,,,,,,,,,
3,2,0.08,0,0,0,0,47.2481,,,,,,,,,,,,,,,,,,
3,2,0.533,0,0,0,0,47.2481,,,,,,,,,,,,,,,,,,
3,2,1.409,1200,0,450,0.75,47.9981,,,,,,,,,,,,,,,,,,
3,3,0.174,0,0,0,0,47.9981,,,,,,,,,,,,,,,,,,
3,3,1.198,750,0,0,0.75,48.7481,,,,,,,,,,,,,,,,,,
3,3,1.674,750,0,0,0.75,49.4981,,,,,,,,,,,,,,,,,,
3,3,2.204,0,0,0,0,49.4981,,,,,,,,,,,,,,,,,,
3,3,2.704,0,0,0,0,49.4981,,,,,,,,,,,,,,,,,,
3,3,3.204,0,0,0,0,49.4981,,,,,,,,,,,,,,,,,,
3,3,3.471,1200,0,1650,-0.45,49.0481,,,,,,,,,,,,,,,,,,
3,3,3.971,0,0,0,0,49.0481,,,,,,,,,,,,,,,,,,
3,3,4.471,0,0,0,0,49.0481,,,,,,,,,,,,,,,,,,
3,3,4.604,0,0,0,0,49.0481,,,,,,,,,,,,,,,,,,
3,3,5.104,0,0,0,0,49.0481,,,,,,,,,,,,,,,,,,
3,4,0.085,0,0,0,0,49.0481,,,,,,,,,,,,,,,,,,
3,4,0.765,0,0,0,0,49.0481,,,,,,,,,,,,,,,,,,
3,4,1.265,0,0,0,0,49.0481,,,,,,,,,,,,,,,,,,
3,4,1.765,0,0,0,0,49.0481,,,,,,,,,,,,,,,,,,
3,4,2.265,0,0,0,0,49.0481,,,,,,,,,,,,,,,,,,
3,4,2.644,0,0,0,0,49.0481,,,,,,,,,,,,,,,,,,
3,5,0.256,0,0,0,0,49.0481,,,,,,,,,,,,,,,,,,
3,5,0.696,750,0,450,0.3,49.3481,,,,,,,,,,,,,,,,,,
3,5,1.174,750,0,0,0.75,50.0981,,,,,,,,,,,,,,,,,,
3,5,1.674,0,0,0,0,50.0981,,,,,,,,,,,,,,,,,,
3,5,2.174,0,0,0,0,50.0981,,,,,,,,,,,,,,,,,,
3,5,2.674,0,0,0,0,50.0981,,,,,,,,,,,,,,,,,,
3,5,3.174,0,0,0,0,50.0981,,,,,,,,,,,,,,,,,,
3,5,3.596,750,0,1200,-0.45,49.6481,,,,,,,,,,,,,,,,,,
3,5,4.096,0,0,0,0,49.6481,,,,,,,,,,,,,,,,,,
3,5,4.596,0,0,0,0,49.6481,,,,,,,,,,,,,,,,,,
3,5,5.096,0,0,0,0,49.6481,,,,,,,,,,,,,,,,,,
3,6,0.215,0,0,0,0,49.6481,,,,,,,,,,,,,,,,,,
3,7,0.215,0,0,0,0,49.6481,,,,,,,,,,,,,,,,,,
4,0,0,750,310,0,0.1765,0.1765,,,,,,,,,,,,,,,,,,
4,0,1,1850,67,1100,0.62605,0.80255,,,,,,,,,,,,,,,,,,
4,0,2,1850,593,0,0.75295,1.5555,,,,,,,,,,,,,,,,,,
4,0,2.795,1200,0,650,0.55,2.1055,,,,,,,,,,,,,,,,,,
4,0,3.175,1200,0,0,1.2,3.3055,,,,,,,,,,,,,,,,,,
4,0,5,750,689,450,-0.97465,2.33085,,,,,,,,,,,,,,,,,,
4,0,6,750,64,0,0.6316,2.96245,,,,,,,,,,,,,,,,,,
4,0,7,750,629,0,-0.41365,2.5488,,,,,,,,,,,,,,,,,,
4,0,8,750,939,0,-0.98715,1.56165,,,,,,,,,,,,,,,,,,
4,0,9,750,629,0,-0.41365,1.148,,,,,,,,,,,,,,,,,,
4,0,9.648,750,0,0,0.75,1.898,,,,,,,,,,,,,,,,,,
4,0,10.497,750,0,0,0.75,2.648,,,,,,,,,,,,,,,,,,
4,0,11.986,750,0,0,0.75,3.398,,,,,,,,,,,,,,,,,,
4,0,13,1200,548,450,-0.2638,3.1342,,,,,,,,,,,,,,,,,,
4,0,13.563,1200,0,0,1.2,4.3342,,,,,,,,,,,,,,,,,,
4,0,14.27,750,0,450,0.3,4.6342,,,,,,,,,,,,,,,,,,
4,0,15.073,750,0,0,0.75,5.3842,,,,,,,,,,,,,,,,,,
4,0,15.294,1200,0,0,1.2,6.5842,,,,,,,,,,,,,,,,,,
4,0,15.506,1200,0,0,1.2,7.7842,,,,,,,,,,,,,,,,,,
4,0,15.965,750,0,450,0.3,8.0842,,,,,,,,,,,,,,,,,,
4,0,16.43,750,0,0,0.75,8.8342,,,,,,,,,,,,,,,,,,
4,0,16.865,750,0,0,0.75,9.5842,,,,,,,,,,,,,,,,,,
4,1,0.258,0,0,0,0,9.5842,,,,,,,,,,,,,,,,,,
4,1,1.311,750,0,0,0.75,10.3342,,,,,,,,,,,,,,,,,,
4,1,2.301,750,0,0,0.75,11.0842,,,,,,,,,,,,,,,,,,
4,1,3.245,750,0,0,0.75,11.8342,,,,,,,,,,,,,,,,,,
4,1,4.373,750,0,0,0.75,12.5842,,,,,,,,,,,,,,,,,,
4,1,5.126,750,0,0,0.75,13.3342,,,,,,,,,,,,,,,,,,
4,1,6.138,1200,0,450,0.75,14.0842,,,,,,,,,,,,,,,,,,
4,1,7.25,1200,0,0,1.2,15.2842,,,,,,,,,,,,,,,,,,
4,1,7.966,1200,0,450,0.75,16.0342,,,,,,,,,,,,,,,,,,
4,1,8.672,1200,0,0,1.2,17.2342,,,,,,,,,,,,,,,,,,
4,1,9.521,1200,0,0,1.2,18.4342,,,,,,,,,,,,,,,,,,
4,1,10.156,750,0,450,0.3,18.7342,,,,,,,,,,,,,,,,,,
4,1,11.128,1200,0,450,0.75,19.4842,,,,,,,,,,,,,,,,,,
4,1,11.254,1200,0,0,1.2,20.6842,,,,,,,,,,,,,,,,,,
4,1,11.943,750,0,450,0.3,20.9842,,,,,,,,,,,,,,,,,,
4,1,12.491,1200,0,0,1.2,22.1842,,,,,,,,,,,,,,,,,,
4,1,12.611,1200,0,0,1.2,23.3842,,,,,,,,,,,,,,,,,,
4,1,13.155,750,0,450,0.3,23.6842,,,,,,,,,,,,,,,,,,
4,1,15,750,58,450,0.1927,23.8769,,,,,,,,,,,,,,,,,,
4,1,16,750,703,0,-0.55055,23.32635,,,,,,,,,,,,,,,,,,
4,1,17,750,237,0,0.31155,23.6379,,,,,,,,,,,,,,,,,,
4,1,18,750,80,0,0.602,24.2399,,,,,,,,,,,,,,,,,,
4,1,18.68,750,0,0,0.75,24.9899,,,,,,,,,,,,,,,,,,
4,1,19.537,750,0,0,0.75,25.7399,,,,,,,,,,,,,,,,,,
4,1,20.029,1200,0,450,0.75,26.4899,,,,,,,,,,,,,,,,,,
4,1,20.127,1200,0,0,1.2,27.6899,,,,,,,,,,,,,,,,,,
4,1,20.515,750,0,0,0.75,28.4399,,,,,,,,,,,,,,,,,,
4,1,20.912,1200,0,450,0.75,29.1899,,,,,,,,,,,,,,,,,,
4,1,21.637,1200,0,0,1.2,30.3899,,,,,,,,,,,,,,,,,,
4,1,21.75,1200,0,0,1.2,31.5899,,,,,,,,,,,,,,,,,,
4,1,22.317,1200,0,0,1.2,32.7899,,,,,,,,,,,,,,,,,,
4,1,22.416,1200,0,0,1.2,33.9899,,,,,,,,,,,,,,,,,,
4,1,22.916,0,0,0,0,33.9899,,,,,,,,,,,,,,,,,,
4,1,23.416,0,0,0,0,33.9899,,,,,,,,,,,,,,,,,,
4,1,23.63,1200,0,0,1.2,35.1899,,,,,,,,,,,,,,,,,,
4,1,24.13,0,0,0,0,35.1899,,,,,,,,,,,,,,,,,,
4,1,24.63,0,0,0,0,35.1899,,,,,,,,,,,,,,,,,,
4,1,25.13,0,0,0,0,35.1899,,,,,,,,,,,,,,,,,,
4,1,25.63,0,0,0,0,35.1899,,,,,,,,,,,,,,,,,,
4,2,0.13,0,0,0,0,35.1899,,,,,,,,,,,,,,,,,,
4,2,0.538,0,0,0,0,35.1899,,,,,,,,,,,,,,,,,,
4,2,1.053,1200,0,450,0.75,35.9399,,,,,,,,,,,,,,,,,,
4,2,1.432,0,0,0,0,35.9399,,,,,,,,,,,,,,,,,,
4,3,0.01,0,0,0,0,35.9399,,,,,,,,,,,,,,,,,,
4,3,1.144,1200,0,450,0.75,36.6899,,,,,,,,,,,,,,,,,,
4,3,2.078,1200,0,0,1.2,37.8899,,,,,,,,,,,,,,,,,,
4,3,2.578,0,0,0,0,37.8899,,,,,,,,,,,,,,,,,,
4,3,3.078,0,0,0,0,37.8899,,,,,,,,,,,,,,,,,,
4,3,3.316,1200,0,1200,0,37.8899,,,,,,,,,,,,,,,,,,
4,3,3.816,0,0,0,0,37.8899,,,,,,,,,,,,,,,,,,
4,3,4.316,0,0,0,0,37.8899,,,,,,,,,,,,,,,,,,
4,3,4.441,0,0,0,0,37.8899,,,,,,,,,,,,,,,,,,
4,3,4.941,0,0,0,0,37.8899,,,,,,,,,,,,,,,,,,
4,3,5.441,0,0,0,0,37.8899,,,,,,,,,,,,,,,,,,
4,4,0.703,0,0,0,0,37.8899,,,,,,,,,,,,,,,,,,
4,4,1.402,0,0,0,0,37.8899,,,,,,,,,,,,,,,,,,
4,4,1.902,0,0,0,0,37.8899,,,,,,,,,,,,,,,,,,
4,4,2.402,0,0,0,0,37.8899,,,,,,,,,,,,,,,,,,
4,5,0.213,0,0,0,0,37.8899,,,,,,,,,,,,,,,,,,
4,5,1.118,750,0,450,0.3,38.1899,,,,,,,,,,,,,,,,,,
4,5,1.855,750,0,0,0.75,38.9399,,,,,,,,,,,,,,,,,,
4,5,2.355,0,0,0,0,38.9399,,,,,,,,,,,,,,,,,,
4,5,2.855,0,0,0,0,38.9399,,,,,,,,,,,,,,,,,,
4,5,3.355,0,0,0,0,38.9399,,,,,,,,,,,,,,,,,,
4,5,3.99,750,0,1200,-0.45,38.4899,,,,,,,,,,,,,,,,,,
4,5,4.49,0,0,0,0,38.4899,,,,,,,,,,,,,,,,,,
4,5,4.99,0,0,0,0,38.4899,,,,,,,,,,,,,,,,,,
4,6,0.109,0,0,0,0,38.4899,,,,,,,,,,,,,,,,,,
4,7,0.109,0,0,0,0,38.4899,,,,,,,,,,,,,,,,,,
5,0,0,750,423,0,-0.03255,-0.03255,,,,,,,,,,,,,,,,,,
5,0,0.907,1200,0,450,0.75,0.71745,,,,,,,,,,,,,,,,,,
5,0,1.879,1200,0,0,1.2,1.91745,,,,,,,,,,,,,,,,,,
5,0,2.471,1200,0,0,1.2,3.11745,,,,,,,,,,,,,,,,,,
5,0,2.843,1200,0,0,1.2,4.31745,,,,,,,,,,,,,,,,,,
5,0,4.265,750,0,450,0.3,4.61745,,,,,,,,,,,,,,,,,,
5,0,4.611,750,0,0,0.75,5.36745,,,,,,,,,,,,,,,,,,
5,0,4.762,1200,0,0,1.2,6.56745,,,,,,,,,,,,,,,,,,
5,0,5.027,1200,0,0,1.2,7.76745,,,,,,,,,,,,,,,,,,
5,0,6.841,750,0,0,0.75,8.51745,,,,,,,,,,,,,,,,,,
5,0,8,750,330,0,0.1395,8.65695,,,,,,,,,,,,,,,,,,
5,0,9,750,495,0,-0.16575,8.4912,,,,,,,,,,,,,,,,,,
5,0,10,750,5,0,0.74075,9.23195,,,,,,,,,,,,,,,,,,
5,0,11,750,406,0,-0.0011,9.23085,,,,,,,,,,,,,,,,,,
5,0,12,750,493,0,-0.16205,9.0688,,,,,,,,,,,,,,,,,,
5,0,13,1200,176,450,0.4244,9.4932,,,,,,,,,,,,,,,,,,
5,0,13.554,1200,0,0,1.2,10.6932,,,,,,,,,,,,,,,,,,
5,0,14.38,750,0,450,0.3,10.9932,,,,,,,,,,,,,,,,,,
5,0,15.237,750,0,0,0.75,11.7432,,,,,,,,,,,,,,,,,,
5,0,15.893,1200,0,0,1.2,12.9432,,,,,,,,,,,,,,,,,,
5,0,16.438,750,0,0,0.75,13.6932,,,,,,,,,,,,,,,,,,
5,0,16.931,750,0,0,0.75,14.4432,,,,,,,,,,,,,,,,,,
5,1,0.517,0,0,0,0,14.4432,,,,,,,,,,,,,,,,,,
5,1,2.69,750,0,450,0.3,14.7432,,,,,,,,,,,,,,,,,,
5,1,3.65,750,0,0,0.75,15.4932,,,,,,,,,,,,,,,,,,
5,1,4.235,750,0,0,0.75,16.2432,,,,,,,,,,,,,,,,,,
5,1,4.749,750,0,0,0.75,16.9932,,,,,,,,,,,,,,,,,,
5,1,5.386,750,0,0,0.75,17.7432,,,,,,,,,,,,,,,,,,
5,1,6.201,1200,0,450,0.75,18.4932,,,,,,,,,,,,,,,,,,
5,1,6.846,1200,0,0,1.2,19.6932,,,,,,,,,,,,,,,,,,
5,1,7.284,1200,0,450,0.75,20.4432,,,,,,,,,,,,,,,,,,
5,1,7.648,1200,0,0,1.2,21.6432,,,,,,,,,,,,,,,,,,
5,1,8.072,1200,0,0,1.2,22.8432,,,,,,,,,,,,,,,,,,
5,1,8.479,1200,0,0,1.2,24.0432,,,,,,,,,,,,,,,,,,
5,1,9.05,1200,0,0,1.2,25.2432,,,,,,,,,,,,,,,,,,
5,1,9.718,1200,0,0,1.2,26.4432,,,,,,,,,,,,,,,,,,
5,1,10.587,1200,0,0,1.2,27.6432,,,,,,,,,,,,,,,,,,
5,1,10.966,1200,0,0,1.2,28.8432,,,,,,,,,,,,,,,,,,
5,1,11.502,1200,0,0,1.2,30.0432,,,,,,,,,,,,,,,,,,
5,1,11.609,1200,0,0,1.2,31.2432,,,,,,,,,,,,,,,,,,
5,1,12.033,1200,0,0,1.2,32.4432,,,,,,,,,,,,,,,,,,
5,1,12.161,1200,0,0,1.2,33.6432,,,,,,,,,,,,,,,,,,
5,1,12.892,1200,0,0,1.2,34.8432,,,,,,,,,,,,,,,,,,
5,1,13.413,1200,0,0,1.2,36.0432,,,,,,,,,,,,,,,,,,
5,1,14.271,750,0,450,0.3,36.3432,,,,,,,,,,,,,,,,,,
5,1,15.411,750,0,0,0.75,37.0932,,,,,,,,,,,,,,,,,,
5,1,15.989,750,0,0,0.75,37.8432,,,,,,,,,,,,,,,,,,
5,1,16.489,0,0,0,0,37.8432,,,,,,,,,,,,,,,,,,
5,1,16.988,750,0,0,0.75,38.5932,,,,,,,,,,,,,,,,,,
5,1,17.488,0,0,0,0,38.5932,,,,,,,,,,,,,,,,,,
5,1,18.232,750,0,0,0.75,39.3432,,,,,,,,,,,,,,,,,,
5,1,18.65,750,0,0,0.75,40.0932,,,,,,,,,,,,,,,,,,
5,1,19.15,0,0,0,0,40.0932,,,,,,,,,,,,,,,,,,
5,1,19.634,1200,0,450,0.75,40.8432,,,,,,,,,,,,,,,,,,
5,1,20.134,0,0,0,0,40.8432,,,,,,,,,,,,,,,,,,
5,1,20.236,1200,0,0,1.2,42.0432,,,,,,,,,,,,,,,,,,
5,1,20.736,0,0,0,0,42.0432,,,,,,,,,,,,,,,,,,
5,1,21.236,0,0,0,0,42.0432,,,,,,,,,,,,,,,,,,
5,1,21.356,1200,0,0,1.2,43.2432,,,,,,,,,,,,,,,,,,
5,1,21.856,0,0,0,0,43.2432,,,,,,,,,,,,,,,,,,
5,1,22.356,0,0,0,0,43.2432,,,,,,,,,,,,,,,,,,
5,1,22.461,1200,0,0,1.2,44.4432,,,,,,,,,,,,,,,,,,
5,1,22.961,0,0,0,0,44.4432,,,,,,,,,,,,,,,,,,
5,1,23.461,0,0,0,0,44.4432,,,,,,,,,,,,,,,,,,
5,1,23.703,1200,0,0,1.2,45.6432,,,,,,,,,,,,,,,,,,
5,1,24.203,0,0,0,0,45.6432,,,,,,,,,,,,,,,,,,
5,1,24.703,0,0,0,0,45.6432,,,,,,,,,,,,,,,,,,
5,1,25.203,0,0,0,0,45.6432,,,,,,,,,,,,,,,,,,
5,1,25.703,0,0,0,0,45.6432,,,,,,,,,,,,,,,,,,
5,2,0.203,0,0,0,0,45.6432,,,,,,,,,,,,,,,,,,
5,2,0.608,0,0,0,0,45.6432,,,,,,,,,,,,,,,,,,
5,2,0.819,750,0,0,0.75,46.3932,,,,,,,,,,,,,,,,,,
5,2,1.078,0,0,0,0,46.3932,,,,,,,,,,,,,,,,,,
5,2,1.427,0,0,0,0,46.3932,,,,,,,,,,,,,,,,,,
5,3,0.003,0,0,0,0,46.3932,,,,,,,,,,,,,,,,,,
5,3,0.308,750,0,450,0.3,46.6932,,,,,,,,,,,,,,,,,,
5,3,0.682,1200,0,450,0.75,47.4432,,,,,,,,,,,,,,,,,,
5,3,1.182,0,0,0,0,47.4432,,,,,,,,,,,,,,,,,,
5,3,1.682,0,0,0,0,47.4432,,,,,,,,,,,,,,,,,,
5,3,2.182,0,0,0,0,47.4432,,,,,,,,,,,,,,,,,,
5,3,2.682,0,0,0,0,47.4432,,,,,,,,,,,,,,,,,,
5,3,3.182,0,0,0,0,47.4432,,,,,,,,,,,,,,,,,,
5,3,3.369,1200,0,1200,0,47.4432,,,,,,,,,,,,,,,,,,
5,3,3.869,0,0,0,0,47.4432,,,,,,,,,,,,,,,,,,
5,3,4.369,0,0,0,0,47.4432,,,,,,,,,,,,,,,,,,
5,3,4.479,0,0,0,0,47.4432,,,,,,,,,,,,,,,,,,
5,3,4.979,0,0,0,0,47.4432,,,,,,,,,,,,,,,,,,
5,3,5.479,0,0,0,0,47.4432,,,,,,,,,,,,,,,,,,
5,4,0.317,0,0,0,0,47.4432,,,,,,,,,,,,,,,,,,
5,4,0.856,0,0,0,0,47.4432,,,,,,,,,,,,,,,,,,
5,4,1.356,0,0,0,0,47.4432,,,,,,,,,,,,,,,,,,
5,4,1.856,0,0,0,0,47.4432,,,,,,,,,,,,,,,,,,
5,4,2.356,0,0,0,0,47.4432,,,,,,,,,,,,,,,,,,
5,4,2.858,0,0,0,0,47.4432,,,,,,,,,,,,,,,,,,
5,5,0.47,0,0,0,0,47.4432,,,,,,,,,,,,,,,,,,
5,5,1.331,750,0,450,0.3,47.7432,,,,,,,,,,,,,,,,,,
5,5,1.763,750,0,0,0.75,48.4932,,,,,,,,,,,,,,,,,,
5,5,2.263,0,0,0,0,48.4932,,,,,,,,,,,,,,,,,,
5,5,2.763,0,0,0,0,48.4932,,,,,,,,,,,,,,,,,,
5,5,3.263,0,0,0,0,48.4932,,,,,,,,,,,,,,,,,,
5,5,3.715,750,0,750,0,48.4932,,,,,,,,,,,,,,,,,,
5,5,4.215,0,0,0,0,48.4932,,,,,,,,,,,,,,,,,,
5,5,4.715,0,0,0,0,48.4932,,,,,,,,,,,,,,,,,,
5,5,5.215,0,0,0,0,48.4932,,,,,,,,,,,,,,,,,,
5,6,0.334,0,0,0,0,48.4932,,,,,,,,,,,,,,,,,,
5,7,0.334,0,0,0,0,48.4932,,,,,,,,,,,,,,,,,,
6,0,0,750,601,0,-0.36185,-0.36185,,,,,,,,,,,,,,,,,,
6,0,0.376,750,0,0,0.75,0.38815,,,,,,,,,,,,,,,,,,
6,0,1,750,0,0,0.75,1.13815,,,,,,,,,,,,,,,,,,
6,0,1.818,1200,0,450,0.75,1.88815,,,,,,,,,,,,,,,,,,
6,0,2.494,1200,0,0,1.2,3.08815,,,,,,,,,,,,,,,,,,
6,0,4.227,750,0,450,0.3,3.38815,,,,,,,,,,,,,,,,,,
6,0,5.086,750,0,0,0.75,4.13815,,,,,,,,,,,,,,,,,,
6,0,5.851,750,0,0,0.75,4.88815,,,,,,,,,,,,,,,,,,
6,0,6.02,1200,0,0,1.2,6.08815,,,,,,,,,,,,,,,,,,
6,0,6.64,750,0,0,0.75,6.83815,,,,,,,,,,,,,,,,,,
6,0,6.77,1200,0,0,1.2,8.03815,,,,,,,,,,,,,,,,,,
6,0,7.414,1200,0,0,1.2,9.23815,,,,,,,,,,,,,,,,,,
6,0,8.66,750,0,0,0.75,9.98815,,,,,,,,,,,,,,,,,,
6,0,9.162,750,0,0,0.75,10.73815,,,,,,,,,,,,,,,,,,
6,0,10.031,750,0,0,0.75,11.48815,,,,,,,,,,,,,,,,,,
6,0,10.682,750,0,0,0.75,12.23815,,,,,,,,,,,,,,,,,,
6,0,11.075,1200,0,0,1.2,13.43815,,,,,,,,,,,,,,,,,,
6,0,11.504,1200,0,450,0.75,14.18815,,,,,,,,,,,,,,,,,,
6,0,12.42,1200,0,0,1.2,15.38815,,,,,,,,,,,,,,,,,,
6,0,12.757,1200,0,0,1.2,16.58815,,,,,,,,,,,,,,,,,,
6,0,13.62,0,0,0,0,16.58815,,,,,,,,,,,,,,,,,,
6,0,14.367,1200,0,0,1.2,17.78815,,,,,,,,,,,,,,,,,,
6,0,14.874,1200,0,0,1.2,18.98815,,,,,,,,,,,,,,,,,,
6,0,15.309,1200,0,0,1.2,20.18815,,,,,,,,,,,,,,,,,,
6,0,16.097,1200,0,0,1.2,21.38815,,,,,,,,,,,,,,,,,,
6,0,16.686,1200,0,0,1.2,22.58815,,,,,,,,,,,,,,,,,,
6,1,0.071,1200,0,0,1.2,23.78815,,,,,,,,,,,,,,,,,,
6,1,1.17,750,0,450,0.3,24.08815,,,,,,,,,,,,,,,,,,
6,1,2.339,750,0,0,0.75,24.83815,,,,,,,,,,,,,,,,,,
6,1,3.168,750,0,0,0.75,25.58815,,,,,,,,,,,,,,,,,,
6,1,3.77,750,0,0,0.75,26.33815,,,,,,,,,,,,,,,,,,
6,1,4.362,750,0,0,0.75,27.08815,,,,,,,,,,,,,,,,,,
6,1,5.176,1200,0,450,0.75,27.83815,,,,,,,,,,,,,,,,,,
6,1,5.746,1200,0,0,1.2,29.03815,,,,,,,,,,,,,,,,,,
6,1,6.394,1200,0,0,1.2,30.23815,,,,,,,,,,,,,,,,,,
6,1,7.124,1200,0,0,1.2,31.43815,,,,,,,,,,,,,,,,,,
6,1,7.654,1200,0,0,1.2,32.63815,,,,,,,,,,,,,,,,,,
6,1,8.338,1200,0,0,1.2,33.83815,,,,,,,,,,,,,,,,,,
6,1,9.154,1200,0,0,1.2,35.03815,,,,,,,,,,,,,,,,,,
6,1,9.852,1200,0,0,1.2,36.23815,,,,,,,,,,,,,,,,,,
6,1,10.441,1200,0,0,1.2,37.43815,,,,,,,,,,,,,,,,,,
6,1,10.823,1200,0,0,1.2,38.63815,,,,,,,,,,,,,,,,,,
6,1,11.323,0,0,0,0,38.63815,,,,,,,,,,,,,,,,,,
6,1,11.428,1200,0,0,1.2,39.83815,,,,,,,,,,,,,,,,,,
6,1,11.928,0,0,0,0,39.83815,,,,,,,,,,,,,,,,,,
6,1,12.428,0,0,0,0,39.83815,,,,,,,,,,,,,,,,,,
6,1,12.534,1200,0,0,1.2,41.03815,,,,,,,,,,,,,,,,,,
6,1,13.034,0,0,0,0,41.03815,,,,,,,,,,,,,,,,,,
6,1,15,750,20,450,0.263,41.30115,,,,,,,,,,,,,,,,,,
6,1,16,750,654,0,-0.4599,40.84125,,,,,,,,,,,,,,,,,,
6,1,17,750,1034,0,-1.1629,39.67835,,,,,,,,,,,,,,,,,,
6,1,18,750,422,0,-0.0307,39.64765,,,,,,,,,,,,,,,,,,
6,1,19,750,56,0,0.6464,40.29405,,,,,,,,,,,,,,,,,,
6,1,19.753,750,0,0,0.75,41.04405,,,,,,,,,,,,,,,,,,
6,1,20.404,1200,0,450,0.75,41.79405,,,,,,,,,,,,,,,,,,
6,1,20.518,1200,0,0,1.2,42.99405,,,,,,,,,,,,,,,,,,
6,1,21.018,0,0,0,0,42.99405,,,,,,,,,,,,,,,,,,
6,1,21.162,1200,0,0,1.2,44.19405,,,,,,,,,,,,,,,,,,
6,1,21.662,0,0,0,0,44.19405,,,,,,,,,,,,,,,,,,
6,1,22.162,0,0,0,0,44.19405,,,,,,,,,,,,,,,,,,
6,1,22.282,1200,0,0,1.2,45.39405,,,,,,,,,,,,,,,,,,
6,1,22.782,0,0,0,0,45.39405,,,,,,,,,,,,,,,,,,
6,1,23.282,0,0,0,0,45.39405,,,,,,,,,,,,,,,,,,
6,1,23.649,1200,0,0,1.2,46.59405,,,,,,,,,,,,,,,,,,
6,1,24.149,0,0,0,0,46.59405,,,,,,,,,,,,,,,,,,
6,1,24.649,0,0,0,0,46.59405,,,,,,,,,,,,,,,,,,
6,1,25.149,0,0,0,0,46.59405,,,,,,,,,,,,,,,,,,
6,1,25.649,0,0,0,0,46.59405,,,,,,,,,,,,,,,,,,
6,2,0.149,0,0,0,0,46.59405,,,,,,,,,,,,,,,,,,
6,2,0.882,0,0,0,0,46.59405,,,,,,,,,,,,,,,,,,
6,2,1.405,750,0,0,0.75,47.34405,,,,,,,,,,,,,,,,,,
6,3,0.16,0,0,0,0,47.34405,,,,,,,,,,,,,,,,,,
6,3,0.956,750,0,450,0.3,47.64405,,,,,,,,,,,,,,,,,,
6,3,1.682,750,0,0,0.75,48.39405,,,,,,,,,,,,,,,,,,
6,3,2.776,0,0,0,0,48.39405,,,,,,,,,,,,,,,,,,
6,3,3.276,0,0,0,0,48.39405,,,,,,,,,,,,,,,,,,
6,3,3.739,1200,0,1650,-0.45,47.94405,,,,,,,,,,,,,,,,,,
6,3,4.239,0,0,0,0,47.94405,,,,,,,,,,,,,,,,,,
6,3,4.458,0,0,0,0,47.94405,,,,,,,,,,,,,,,,,,
6,3,4.958,0,0,0,0,47.94405,,,,,,,,,,,,,,,,,,
6,3,5.458,0,0,0,0,47.94405,,,,,,,,,,,,,,,,,,
6,4,1.652,0,0,0,0,47.94405,,,,,,,,,,,,,,,,,,
6,5,0.499,0,0,0,0,47.94405,,,,,,,,,,,,,,,,,,
6,5,1.691,750,0,450,0.3,48.24405,,,,,,,,,,,,,,,,,,
6,5,3.023,750,0,0,0.75,48.99405,,,,,,,,,,,,,,,,,,
6,5,4.261,750,0,750,0,48.99405,,,,,,,,,,,,,,,,,,
6,5,4.761,0,0,0,0,48.99405,,,,,,,,,,,,,,,,,,
6,5,5.261,0,0,0,0,48.99405,,,,,,,,,,,,,,,,,,
6,6,0.38,0,0,0,0,48.99405,,,,,,,,,,,,,,,,,,
6,7,0.38,0,0,0,0,48.99405,,,,,,,,,,,,,,,,,,
7,0,0,750,675,0,-0.49875,-0.49875,,,,,,,,,,,,,,,,,,
7,0,0.715,750,0,0,0.75,0.25125,,,,,,,,,,,,,,,,,,
7,0,1.842,750,0,0,0.75,1.00125,,,,,,,,,,,,,,,,,,
7,0,2.638,1200,0,450,0.75,1.75125,,,,,,,,,,,,,,,,,,
7,0,3.024,1200,0,0,1.2,2.95125,,,,,,,,,,,,,,,,,,
7,0,5,750,517,450,-0.65645,2.2948,,,,,,,,,,,,,,,,,,
7,0,6,750,106,0,0.5539,2.8487,,,,,,,,,,,,,,,,,,
7,0,7,750,335,0,0.13025,2.97895,,,,,,,,,,,,,,,,,,
7,0,8,750,498,0,-0.1713,2.80765,,,,,,,,,,,,,,,,,,
7,0,9,750,242,0,0.3023,3.10995,,,,,,,,,,,,,,,,,,
7,0,10,750,11,0,0.72965,3.8396,,,,,,,,,,,,,,,,,,
7,0,11,750,219,0,0.34485,4.18445,,,,,,,,,,,,,,,,,,
7,0,12,750,166,0,0.4429,4.62735,,,,,,,,,,,,,,,,,,
7,0,13,1200,69,450,0.62235,5.2497,,,,,,,,,,,,,,,,,,
7,0,13.519,1200,0,0,1.2,6.4497,,,,,,,,,,,,,,,,,,
7,0,14.175,750,0,450,0.3,6.7497,,,,,,,,,,,,,,,,,,
7,0,15.056,750,0,0,0.75,7.4997,,,,,,,,,,,,,,,,,,
7,0,15.254,1200,0,0,1.2,8.6997,,,,,,,,,,,,,,,,,,
7,0,15.445,1200,0,0,1.2,9.8997,,,,,,,,,,,,,,,,,,
7,0,16.197,750,0,450,0.3,10.1997,,,,,,,,,,,,,,,,,,
7,0,16.779,750,0,0,0.75,10.9497,,,,,,,,,,,,,,,,,,
7,1,0.599,750,0,0,0.75,11.6997,,,,,,,,,,,,,,,,,,
7,1,3,750,252,0,0.2838,11.9835,,,,,,,,,,,,,,,,,,
7,1,4,750,840,0,-0.804,11.1795,,,,,,,,,,,,,,,,,,
7,1,5,750,559,0,-0.28415,10.89535,,,,,,,,,,,,,,,,,,
7,1,6,750,57,0,0.64455,11.5399,,,,,,,,,,,,,,,,,,
7,1,7,750,447,0,-0.07695,11.46295,,,,,,,,,,,,,,,,,,
7,1,7.781,750,0,0,0.75,12.21295,,,,,,,,,,,,,,,,,,
7,1,8.296,750,0,0,0.75,12.96295,,,,,,,,,,,,,,,,,,
7,1,9.308,750,0,0,0.75,13.71295,,,,,,,,,,,,,,,,,,
7,1,10.287,750,0,0,0.75,14.46295,,,,,,,,,,,,,,,,,,
7,1,11.115,1200,0,450,0.75,15.21295,,,,,,,,,,,,,,,,,,
7,1,11.284,1200,0,0,1.2,16.41295,,,,,,,,,,,,,,,,,,
7,1,12.301,0,0,0,0,16.41295,,,,,,,,,,,,,,,,,,
7,1,12.457,1200,0,0,1.2,17.61295,,,,,,,,,,,,,,,,,,
7,1,13.117,750,0,0,0.75,18.36295,,,,,,,,,,,,,,,,,,
7,1,14.947,750,0,450,0.3,18.66295,,,,,,,,,,,,,,,,,,
7,1,16,750,375,0,0.05625,18.7192,,,,,,,,,,,,,,,,,,
7,1,16.564,750,0,0,0.75,19.4692,,,,,,,,,,,,,,,,,,
7,1,17.033,750,0,0,0.75,20.2192,,,,,,,,,,,,,,,,,,
7,1,17.507,750,0,0,0.75,20.9692,,,,,,,,,,,,,,,,,,
7,1,18.227,1200,0,450,0.75,21.7192,,,,,,,,,,,,,,,,,,
7,1,19.132,1200,0,450,0.75,22.4692,,,,,,,,,,,,,,,,,,
7,1,19.835,1200,0,0,1.2,23.6692,,,,,,,,,,,,,,,,,,
7,1,20.93,1200,0,0,1.2,24.8692,,,,,,,,,,,,,,,,,,
7,1,21.061,1200,0,0,1.2,26.0692,,,,,,,,,,,,,,,,,,
7,1,21.237,1200,0,0,1.2,27.2692,,,,,,,,,,,,,,,,,,
7,1,21.789,1200,0,0,1.2,28.4692,,,,,,,,,,,,,,,,,,
7,1,22.333,1200,0,0,1.2,29.6692,,,,,,,,,,,,,,,,,,
7,1,22.431,1200,0,0,1.2,30.8692,,,,,,,,,,,,,,,,,,
7,1,23.494,1200,0,0,1.2,32.0692,,,,,,,,,,,,,,,,,,
7,1,23.959,1200,0,0,1.2,33.2692,,,,,,,,,,,,,,,,,,
7,1,24.849,1200,0,0,1.2,34.4692,,,,,,,,,,,,,,,,,,
7,1,25.442,750,0,450,0.3,34.7692,,,,,,,,,,,,,,,,,,
7,2,0.583,750,0,0,0.75,35.5192,,,,,,,,,,,,,,,,,,
7,2,1.227,0,0,0,0,35.5192,,,,,,,,,,,,,,,,,,
7,2,1.881,1200,0,450,0.75,36.2692,,,,,,,,,,,,,,,,,,
7,3,0.768,0,0,0,0,36.2692,,,,,,,,,,,,,,,,,,
7,3,2.23,750,0,450,0.3,36.5692,,,,,,,,,,,,,,,,,,
7,3,3.392,750,0,0,0.75,37.3192,,,,,,,,,,,,,,,,,,
7,3,4.002,1200,0,1650,-0.45,36.8692,,,,,,,,,,,,,,,,,,
7,3,4.247,0,0,0,0,36.8692,,,,,,,,,,,,,,,,,,
7,4,0.186,0,0,0,0,36.8692,,,,,,,,,,,,,,,,,,
7,4,1.153,0,0,0,0,36.8692,,,,,,,,,,,,,,,,,,
7,4,1.653,0,0,0,0,36.8692,,,,,,,,,,,,,,,,,,
7,4,2.153,0,0,0,0,36.8692,,,,,,,,,,,,,,,,,,
7,5,0.738,0,0,0,0,36.8692,,,,,,,,,,,,,,,,,,
7,5,2.192,750,0,0,0.75,37.6192,,,,,,,,,,,,,,,,,,
7,5,3.66,750,0,0,0.75,38.3692,,,,,,,,,,,,,,,,,,
7,5,4.965,750,0,1200,-0.45,37.9192,,,,,,,,,,,,,,,,,,
7,6,0.084,0,0,0,0,37.9192,,,,,,,,,,,,,,,,,,
7,7,0.084,0,0,0,0,37.9192,,,,,,,,,,,,,,,,,,
8,0,0,750,643,0,-0.43955,-0.43955,,,,,,,,,,,,,,,,,,
8,0,0.572,750,0,0,0.75,0.31045,,,,,,,,,,,,,,,,,,
8,0,1.09,750,0,0,0.75,1.06045,,,,,,,,,,,,,,,,,,
8,0,1.57,1200,0,450,0.75,1.81045,,,,,,,,,,,,,,,,,,
8,0,1.856,1200,0,0,1.2,3.01045,,,,,,,,,,,,,,,,,,
8,0,3.05,750,0,450,0.3,3.31045,,,,,,,,,,,,,,,,,,
8,0,3.176,1200,0,0,1.2,4.51045,,,,,,,,,,,,,,,,,,
8,0,3.299,1200,0,0,1.2,5.71045,,,,,,,,,,,,,,,,,,
8,0,3.657,1200,0,0,1.2,6.91045,,,,,,,,,,,,,,,,,,
8,0,4.062,1200,0,0,1.2,8.11045,,,,,,,,,,,,,,,,,,
8,0,4.555,750,0,0,0.75,8.86045,,,,,,,,,,,,,,,,,,
8,0,5.346,1850,0,650,1.2,10.06045,,,,,,,,,,,,,,,,,,
8,0,6.631,1850,0,1100,0.75,10.81045,,,,,,,,,,,,,,,,,,
8,0,8,1850,549,0,0.83435,11.6448,,,,,,,,,,,,,,,,,,
8,0,9,1850,32,0,1.7908,13.4356,,,,,,,,,,,,,,,,,,
8,0,10,1850,247,0,1.39305,14.82865,,,,,,,,,,,,,,,,,,
8,0,11,1850,894,0,0.1961,15.02475,,,,,,,,,,,,,,,,,,
8,0,12,1850,1179,0,-0.33115,14.6936,,,,,,,,,,,,,,,,,,
8,0,13,1850,368,0,1.1692,15.8628,,,,,,,,,,,,,,,,,,
8,0,13.499,1850,0,0,1.85,17.7128,,,,,,,,,,,,,,,,,,
8,0,14.311,1850,0,0,1.85,19.5628,,,,,,,,,,,,,,,,,,
8,0,15.174,1850,0,0,1.85,21.4128,,,,,,,,,,,,,,,,,,
8,0,16.303,0,0,0,0,21.4128,,,,,,,,,,,,,,,,,,
8,1,0.24,1850,0,0,1.85,23.2628,,,,,,,,,,,,,,,,,,
8,1,3,1850,595,650,0.09925,23.36205,,,,,,,,,,,,,,,,,,
8,1,4,1850,3151,0,-3.97935,19.3827,,,,,,,,,,,,,,,,,,
8,1,5,1850,809,0,0.35335,19.73605,,,,,,,,,,,,,,,,,,
8,1,6,1850,359,0,1.18585,20.9219,,,,,,,,,,,,,,,,,,
8,1,7,1850,426,0,1.0619,21.9838,,,,,,,,,,,,,,,,,,
8,1,8,1850,967,0,0.06105,22.04485,,,,,,,,,,,,,,,,,,
8,1,9,1850,266,0,1.3579,23.40275,,,,,,,,,,,,,,,,,,
8,1,10,1850,1106,0,-0.1961,23.20665,,,,,,,,,,,,,,,,,,
8,1,11,1850,456,0,1.0064,24.21305,,,,,,,,,,,,,,,,,,
8,1,11.901,1850,0,0,1.85,26.06305,,,,,,,,,,,,,,,,,,
8,1,12.084,1850,0,0,1.85,27.91305,,,,,,,,,,,,,,,,,,
8,1,12.271,1850,0,0,1.85,29.76305,,,,,,,,,,,,,,,,,,
8,1,13.502,1200,0,650,0.55,30.31305,,,,,,,,,,,,,,,,,,
8,1,15,750,346,1100,-0.9901,29.32295,,,,,,,,,,,,,,,,,,
8,1,16,750,421,0,-0.02885,29.2941,,,,,,,,,,,,,,,,,,
8,1,17,750,185,0,0.40775,29.70185,,,,,,,,,,,,,,,,,,
8,1,17.738,750,0,0,0.75,30.45185,,,,,,,,,,,,,,,,,,
8,1,18.498,750,0,0,0.75,31.20185,,,,,,,,,,,,,,,,,,
8,1,19.468,750,0,0,0.75,31.95185,,,,,,,,,,,,,,,,,,
8,1,20.299,1200,0,450,0.75,32.70185,,,,,,,,,,,,,,,,,,
8,1,20.412,1200,0,0,1.2,33.90185,,,,,,,,,,,,,,,,,,
8,1,21.272,750,0,450,0.3,34.20185,,,,,,,,,,,,,,,,,,
8,1,21.421,1200,0,0,1.2,35.40185,,,,,,,,,,,,,,,,,,
8,1,22.04,1200,0,0,1.2,36.60185,,,,,,,,,,,,,,,,,,
8,1,22.141,1200,0,0,1.2,37.80185,,,,,,,,,,,,,,,,,,
8,1,22.574,750,0,450,0.3,38.10185,,,,,,,,,,,,,,,,,,
8,1,23.189,750,0,0,0.75,38.85185,,,,,,,,,,,,,,,,,,
8,1,23.431,1200,0,0,1.2,40.05185,,,,,,,,,,,,,,,,,,
8,1,24.309,1200,0,450,0.75,40.80185,,,,,,,,,,,,,,,,,,
8,1,24.757,750,0,450,0.3,41.10185,,,,,,,,,,,,,,,,,,
8,1,25.618,1200,0,450,0.75,41.85185,,,,,,,,,,,,,,,,,,
8,2,0.118,0,0,0,0,41.85185,,,,,,,,,,,,,,,,,,
8,2,0.756,0,0,0,0,41.85185,,,,,,,,,,,,,,,,,,
8,2,1.444,1200,0,450,0.75,42.60185,,,,,,,,,,,,,,,,,,
8,3,0.179,0,0,0,0,42.60185,,,,,,,,,,,,,,,,,,
8,3,1.539,750,0,0,0.75,43.35185,,,,,,,,,,,,,,,,,,
8,3,2.277,750,0,0,0.75,44.10185,,,,,,,,,,,,,,,,,,
8,3,3.273,0,0,0,0,44.10185,,,,,,,,,,,,,,,,,,
8,3,3.843,1200,0,1650,-0.45,43.65185,,,,,,,,,,,,,,,,,,
8,3,4.343,0,0,0,0,43.65185,,,,,,,,,,,,,,,,,,
8,3,4.574,0,0,0,0,43.65185,,,,,,,,,,,,,,,,,,
8,3,5.074,0,0,0,0,43.65185,,,,,,,,,,,,,,,,,,
8,4,0.974,0,0,0,0,43.65185,,,,,,,,,,,,,,,,,,
8,4,2.638,0,0,0,0,43.65185,,,,,,,,,,,,,,,,,,
8,5,0.449,0,0,0,0,43.65185,,,,,,,,,,,,,,,,,,
8,5,1.473,750,0,450,0.3,43.95185,,,,,,,,,,,,,,,,,,
8,5,2.222,750,0,0,0.75,44.70185,,,,,,,,,,,,,,,,,,
8,5,2.722,0,0,0,0,44.70185,,,,,,,,,,,,,,,,,,
8,5,3.222,0,0,0,0,44.70185,,,,,,,,,,,,,,,,,,
8,5,4.302,750,0,1200,-0.45,44.25185,,,,,,,,,,,,,,,,,,
8,5,4.802,0,0,0,0,44.25185,,,,,,,,,,,,,,,,,,
8,5,5.302,0,0,0,0,44.25185,,,,,,,,,,,,,,,,,,
8,7,5.302,0,0,0,0,44.25185,,,,,,,,,,,,,,,,,,
9,0,0,750,721,0,-0.58385,-0.58385,,,,,,,,,,,,,,,,,,
9,0,0.733,750,0,0,0.75,0.16615,,,,,,,,,,,,,,,,,,
9,0,1.58,750,0,0,0.75,0.91615,,,,,,,,,,,,,,,,,,
9,0,2.213,1200,0,450,0.75,1.66615,,,,,,,,,,,,,,,,,,
9,0,2.588,1200,0,0,1.2,2.86615,,,,,,,,,,,,,,,,,,
9,0,4.416,750,0,450,0.3,3.16615,,,,,,,,,,,,,,,,,,
9,0,5.37,750,0,0,0.75,3.91615,,,,,,,,,,,,,,,,,,
9,0,6.877,750,0,0,0.75,4.66615,,,,,,,,,,,,,,,,,,
9,0,8,750,362,0,0.0803,4.74645,,,,,,,,,,,,,,,,,,
9,0,8.726,750,0,0,0.75,5.49645,,,,,,,,,,,,,,,,,,
9,0,9.113,750,0,0,0.75,6.24645,,,,,,,,,,,,,,,,,,
9,0,9.919,750,0,0,0.75,6.99645,,,,,,,,,,,,,,,,,,
9,0,10.058,1200,0,0,1.2,8.19645,,,,,,,,,,,,,,,,,,
9,0,10.615,750,0,0,0.75,8.94645,,,,,,,,,,,,,,,,,,
9,0,10.74,1200,0,0,1.2,10.14645,,,,,,,,,,,,,,,,,,
9,0,11.119,1200,0,0,1.2,11.34645,,,,,,,,,,,,,,,,,,
9,0,11.623,1200,0,450,0.75,12.09645,,,,,,,,,,,,,,,,,,
9,0,12.588,1200,0,0,1.2,13.29645,,,,,,,,,,,,,,,,,,
9,0,13.017,1200,0,0,1.2,14.49645,,,,,,,,,,,,,,,,,,
9,0,13.504,1200,0,0,1.2,15.69645,,,,,,,,,,,,,,,,,,
9,0,14.209,1200,0,0,1.2,16.89645,,,,,,,,,,,,,,,,,,
9,0,14.821,1200,0,0,1.2,18.09645,,,,,,,,,,,,,,,,,,
9,0,15.588,0,0,0,0,18.09645,,,,,,,,,,,,,,,,,,
9,0,16.208,1200,0,0,1.2,19.29645,,,,,,,,,,,,,,,,,,
9,0,16.952,1200,0,0,1.2,20.49645,,,,,,,,,,,,,,,,,,
9,1,1.129,1200,0,0,1.2,21.69645,,,,,,,,,,,,,,,,,,
9,1,2.23,750,0,450,0.3,21.99645,,,,,,,,,,,,,,,,,,
9,1,3.502,750,0,0,0.75,22.74645,,,,,,,,,,,,,,,,,,
9,1,4.095,750,0,0,0.75,23.49645,,,,,,,,,,,,,,,,,,
9,1,5.103,750,0,0,0.75,24.24645,,,,,,,,,,,,,,,,,,
9,1,6.027,750,0,0,0.75,24.99645,,,,,,,,,,,,,,,,,,
9,1,6.764,1200,0,450,0.75,25.74645,,,,,,,,,,,,,,,,,,
9,1,7.651,1200,0,0,1.2,26.94645,,,,,,,,,,,,,,,,,,
9,1,8.212,1200,0,0,1.2,28.14645,,,,,,,,,,,,,,,,,,
9,1,8.995,1200,0,0,1.2,29.34645,,,,,,,,,,,,,,,,,,
9,1,10.015,1200,0,0,1.2,30.54645,,,,,,,,,,,,,,,,,,
9,1,11,1200,24,0,1.1556,31.70205,,,,,,,,,,,,,,,,,,
9,1,11.396,1200,0,0,1.2,32.90205,,,,,,,,,,,,,,,,,,
9,1,11.509,1200,0,0,1.2,34.10205,,,,,,,,,,,,,,,,,,
9,1,12.588,1200,0,0,1.2,35.30205,,,,,,,,,,,,,,,,,,
9,1,12.733,1200,0,0,1.2,36.50205,,,,,,,,,,,,,,,,,,
9,1,13.381,1200,0,0,1.2,37.70205,,,,,,,,,,,,,,,,,,
9,1,14.754,750,0,450,0.3,38.00205,,,,,,,,,,,,,,,,,,
9,1,16,750,76,0,0.6094,38.61145,,,,,,,,,,,,,,,,,,
9,1,16.991,750,0,0,0.75,39.36145,,,,,,,,,,,,,,,,,,
9,1,18,750,135,0,0.50025,39.8617,,,,,,,,,,,,,,,,,,
9,1,18.809,750,0,0,0.75,40.6117,,,,,,,,,,,,,,,,,,
9,1,19.434,750,0,0,0.75,41.3617,,,,,,,,,,,,,,,,,,
9,1,19.886,1200,0,450,0.75,42.1117,,,,,,,,,,,,,,,,,,
9,1,20.784,1200,0,0,1.2,43.3117,,,,,,,,,,,,,,,,,,
9,1,20.9,1200,0,0,1.2,44.5117,,,,,,,,,,,,,,,,,,
9,1,21.996,1200,0,0,1.2,45.7117,,,,,,,,,,,,,,,,,,
9,1,22.127,1200,0,0,1.2,46.9117,,,,,,,,,,,,,,,,,,
9,1,22.239,1200,0,0,1.2,48.1117,,,,,,,,,,,,,,,,,,
9,1,22.739,0,0,0,0,48.1117,,,,,,,,,,,,,,,,,,
9,1,23.239,0,0,0,0,48.1117,,,,,,,,,,,,,,,,,,
9,1,23.55,1200,0,0,1.2,49.3117,,,,,,,,,,,,,,,,,,
9,1,24.05,0,0,0,0,49.3117,,,,,,,,,,,,,,,,,,
9,1,24.55,0,0,0,0,49.3117,,,,,,,,,,,,,,,,,,
9,1,25.05,0,0,0,0,49.3117,,,,,,,,,,,,,,,,,,
9,1,25.55,0,0,0,0,49.3117,,,,,,,,,,,,,,,,,,
9,2,0.05,0,0,0,0,49.3117,,,,,,,,,,,,,,,,,,
9,2,0.506,0,0,0,0,49.3117,,,,,,,,,,,,,,,,,,
9,2,0.935,1200,0,450,0.75,50.0617,,,,,,,,,,,,,,,,,,
9,2,1.538,0,0,0,0,50.0617,,,,,,,,,,,,,,,,,,
9,3,0.399,0,0,0,0,50.0617,,,,,,,,,,,,,,,,,,
9,3,0.969,750,0,450,0.3,50.3617,,,,,,,,,,,,,,,,,,
9,3,1.813,1200,0,450,0.75,51.1117,,,,,,,,,,,,,,,,,,
9,3,2.313,0,0,0,0,51.1117,,,,,,,,,,,,,,,,,,
9,3,2.813,0,0,0,0,51.1117,,,,,,,,,,,,,,,,,,
9,3,3.313,0,0,0,0,51.1117,,,,,,,,,,,,,,,,,,
9,3,3.561,1200,0,1200,0,51.1117,,,,,,,,,,,,,,,,,,
9,3,4.061,0,0,0,0,51.1117,,,,,,,,,,,,,,,,,,
9,3,4.188,0,0,0,0,51.1117,,,,,,,,,,,,,,,,,,
9,3,4.688,0,0,0,0,51.1117,,,,,,,,,,,,,,,,,,
9,3,5.188,0,0,0,0,51.1117,,,,,,,,,,,,,,,,,,
9,4,0.238,0,0,0,0,51.1117,,,,,,,,,,,,,,,,,,
9,4,1.031,0,0,0,0,51.1117,,,,,,,,,,,,,,,,,,
9,4,1.531,0,0,0,0,51.1117,,,,,,,,,,,,,,,,,,
9,4,2.031,0,0,0,0,51.1117,,,,,,,,,,,,,,,,,,
9,4,2.513,0,0,0,0,51.1117,,,,,,,,,,,,,,,,,,
9,5,0.125,0,0,0,0,51.1117,,,,,,,,,,,,,,,,,,
9,5,0.548,750,0,450,0.3,51.4117,,,,,,,,,,,,,,,,,,
9,5,1.245,750,0,0,0.75,52.1617,,,,,,,,,,,,,,,,,,
9,5,1.745,0,0,0,0,52.1617,,,,,,,,,,,,,,,,,,
9,5,2.245,0,0,0,0,52.1617,,,,,,,,,,,,,,,,,,
9,5,2.745,0,0,0,0,52.1617,,,,,,,,,,,,,,,,,,
9,5,3.245,0,0,0,0,52.1617,,,,,,,,,,,,,,,,,,
9,5,3.822,750,0,1200,-0.45,51.7117,,,,,,,,,,,,,,,,,,
9,5,4.322,0,0,0,0,51.7117,,,,,,,,,,,,,,,,,,
9,5,4.822,0,0,0,0,51.7117,,,,,,,,,,,,,,,,,,
9,5,5.322,0,0,0,0,51.7117,,,,,,,,,,,,,,,,,,
9,7,5.322,0,0,0,0,51.7117,,,,,,,,,,,,,,,,,,
10,0,0,750,249,0,0.28935,0.28935,,,,,,,,,,,,,,,,,,
10,0,0.988,1850,0,1100,0.75,1.03935,,,,,,,,,,,,,,,,,,
10,0,2,1850,527,0,0.87505,1.9144,,,,,,,,,,,,,,,,,,
10,0,3,1850,142,0,1.5873,3.5017,,,,,,,,,,,,,,,,,,
10,0,3.24,1200,0,650,0.55,4.0517,,,,,,,,,,,,,,,,,,
10,0,4.962,750,0,450,0.3,4.3517,,,,,,,,,,,,,,,,,,
10,0,5.331,750,0,0,0.75,5.1017,,,,,,,,,,,,,,,,,,
10,0,7,1850,83,1100,0.59645,5.69815,,,,,,,,,,,,,,,,,,
10,0,8,1850,45,0,1.76675,7.4649,,,,,,,,,,,,,,,,,,
10,0,9,1850,318,0,1.2617,8.7266,,,,,,,,,,,,,,,,,,
10,0,9.918,1850,0,0,1.85,10.5766,,,,,,,,,,,,,,,,,,
10,0,11,1850,283,0,1.32645,11.90305,,,,,,,,,,,,,,,,,,
10,0,12,1850,255,0,1.37825,13.2813,,,,,,,,,,,,,,,,,,
10,0,12.646,1850,0,0,1.85,15.1313,,,,,,,,,,,,,,,,,,
10,0,12.985,1850,0,0,1.85,16.9813,,,,,,,,,,,,,,,,,,
10,0,13.134,1850,0,0,1.85,18.8313,,,,,,,,,,,,,,,,,,
10,0,14.022,1850,0,0,1.85,20.6813,,,,,,,,,,,,,,,,,,
10,0,14.826,1850,0,0,1.85,22.5313,,,,,,,,,,,,,,,,,,
10,0,14.957,1850,0,0,1.85,24.3813,,,,,,,,,,,,,,,,,,
10,0,15.794,1850,0,0,1.85,26.2313,,,,,,,,,,,,,,,,,,
10,1,0.326,1850,0,0,1.85,28.0813,,,,,,,,,,,,,,,,,,
10,1,2.836,1850,0,0,1.85,29.9313,,,,,,,,,,,,,,,,,,
10,1,4,1850,584,0,0.7696,30.7009,,,,,,,,,,,,,,,,,,
10,1,5,1850,41,0,1.77415,32.47505,,,,,,,,,,,,,,,,,,
10,1,6,1850,184,0,1.5096,33.98465,,,,,,,,,,,,,,,,,,
10,1,7,1850,159,0,1.55585,35.5405,,,,,,,,,,,,,,,,,,
10,1,8,1850,338,0,1.2247,36.7652,,,,,,,,,,,,,,,,,,
10,1,8.885,1850,0,0,1.85,38.6152,,,,,,,,,,,,,,,,,,
10,1,10,1850,389,0,1.13035,39.74555,,,,,,,,,,,,,,,,,,
10,1,11,1850,836,0,0.3034,40.04895,,,,,,,,,,,,,,,,,,
10,1,12,1850,154,0,1.5651,41.61405,,,,,,,,,,,,,,,,,,
10,1,12.153,1850,0,0,1.85,43.46405,,,,,,,,,,,,,,,,,,
10,1,12.309,1850,0,0,1.85,45.31405,,,,,,,,,,,,,,,,,,
10,1,13.467,1850,0,0,1.85,47.16405,,,,,,,,,,,,,,,,,,
10,1,15,1850,1990,0,-1.8315,45.33255,,,,,,,,,,,,,,,,,,
10,1,16,1850,1792,0,-1.4652,43.86735,,,,,,,,,,,,,,,,,,
10,1,17,1850,1609,0,-1.12665,42.7407,,,,,,,,,,,,,,,,,,
10,1,18,1850,3089,0,-3.86465,38.87605,,,,,,,,,,,,,,,,,,
10,1,19,1850,2765,0,-3.26525,35.6108,,,,,,,,,,,,,,,,,,
10,1,20,1850,2407,0,-2.60295,33.00785,,,,,,,,,,,,,,,,,,
10,1,21,1850,407,0,1.09705,34.1049,,,,,,,,,,,,,,,,,,
10,1,21.126,1850,0,0,1.85,35.9549,,,,,,,,,,,,,,,,,,
10,1,21.29,1850,0,0,1.85,37.8049,,,,,,,,,,,,,,,,,,
10,1,23.538,0,0,0,0,37.8049,,,,,,,,,,,,,,,,,,
10,1,23.659,1850,0,0,1.85,39.6549,,,,,,,,,,,,,,,,,,
10,1,24.097,1850,0,0,1.85,41.5049,,,,,,,,,,,,,,,,,,
10,1,25.357,1850,0,0,1.85,43.3549,,,,,,,,,,,,,,,,,,
10,2,0.214,1850,0,0,1.85,45.2049,,,,,,,,,,,,,,,,,,
10,2,1.116,0,0,0,0,45.2049,,,,,,,,,,,,,,,,,,
10,3,0.428,1850,0,0,1.85,47.0549,,,,,,,,,,,,,,,,,,
10,3,2.03,1850,0,0,1.85,48.9049,,,,,,,,,,,,,,,,,,
10,3,3.328,1850,0,0,1.85,50.7549,,,,,,,,,,,,,,,,,,
10,3,3.636,1850,0,0,1.85,52.6049,,,,,,,,,,,,,,,,,,
10,3,5.044,1850,0,0,1.85,54.4549,,,,,,,,,,,,,,,,,,
10,3,5.23,0,0,0,0,54.4549,,,,,,,,,,,,,,,,,,
10,4,0.471,0,0,0,0,54.4549,,,,,,,,,,,,,,,,,,
10,4,1,1200,494,650,-0.3639,54.091,,,,,,,,,,,,,,,,,,
10,4,1.7,1200,0,0,1.2,55.291,,,,,,,,,,,,,,,,,,
10,4,2.316,0,0,0,0,55.291,,,,,,,,,,,,,,,,,,
10,5,0,0,477,0,-0.88245,54.40855,,,,,,,,,,,,,,,,,,
10,5,0,1200,552,0,0.1788,54.58735,,,,,,,,,,,,,,,,,,
10,5,1,1200,184,0,0.8596,55.44695,,,,,,,,,,,,,,,,,,
10,5,2,1200,258,0,0.7227,56.16965,,,,,,,,,,,,,,,,,,
10,5,2.62,750,0,450,0.3,56.46965,,,,,,,,,,,,,,,,,,
10,5,3.328,750,0,0,0.75,57.21965,,,,,,,,,,,,,,,,,,
10,5,3.812,750,0,0,0.75,57.96965,,,,,,,,,,,,,,,,,,
10,5,4.086,1200,0,450,0.75,58.71965,,,,,,,,,,,,,,,,,,
10,5,4.572,0,0,0,0,58.71965,,,,,,,,,,,,,,,,,,
10,6,0.14,0,0,0,0,58.71965,,,,,,,,,,,,,,,,,,
10,7,0.14,0,0,0,0,58.71965,,,,,,,,,,,,,,,,,,
11,0,0,750,256,0,0.2764,0.2764,,,,,,,,,,,,,,,,,,
11,0,0.807,1850,0,1100,0.75,1.0264,,,,,,,,,,,,,,,,,,
11,0,1.618,1850,0,0,1.85,2.8764,,,,,,,,,,,,,,,,,,
11,0,2.136,1850,0,0,1.85,4.7264,,,,,,,,,,,,,,,,,,
11,0,2.521,1850,0,0,1.85,6.5764,,,,,,,,,,,,,,,,,,
11,0,5,1850,467,0,0.98605,7.56245,,,,,,,,,,,,,,,,,,
11,0,6,1850,182,0,1.5133,9.07575,,,,,,,,,,,,,,,,,,
11,0,7,1850,552,0,0.8288,9.90455,,,,,,,,,,,,,,,,,,
11,0,8,1850,822,0,0.3293,10.23385,,,,,,,,,,,,,,,,,,
11,0,9,1850,432,0,1.0508,11.28465,,,,,,,,,,,,,,,,,,
11,0,9.59,1850,0,0,1.85,13.13465,,,,,,,,,,,,,,,,,,
11,0,11,1850,1216,0,-0.3996,12.73505,,,,,,,,,,,,,,,,,,
11,0,12,1850,2260,0,-2.331,10.40405,,,,,,,,,,,,,,,,,,
11,0,13,1850,124,0,1.6206,12.02465,,,,,,,,,,,,,,,,,,
11,0,13.543,1850,0,0,1.85,13.87465,,,,,,,,,,,,,,,,,,
11,0,15,1850,25,0,1.80375,15.6784,,,,,,,,,,,,,,,,,,
11,0,16,1850,257,0,1.37455,17.05295,,,,,,,,,,,,,,,,,,
11,0,16.188,1850,0,0,1.85,18.90295,,,,,,,,,,,,,,,,,,
11,0,16.369,1850,0,0,1.85,20.75295,,,,,,,,,,,,,,,,,,
11,1,0.116,1850,0,0,1.85,22.60295,,,,,,,,,,,,,,,,,,
11,1,3,1850,1720,0,-1.332,21.27095,,,,,,,,,,,,,,,,,,
11,1,4,1850,1707,0,-1.30795,19.963,,,,,,,,,,,,,,,,,,
11,1,5,1850,556,0,0.8214,20.7844,,,,,,,,,,,,,,,,,,
11,1,6,1850,617,0,0.70855,21.49295,,,,,,,,,,,,,,,,,,
11,1,7,1850,287,0,1.31905,22.812,,,,,,,,,,,,,,,,,,
11,1,7.721,1850,0,0,1.85,24.662,,,,,,,,,,,,,,,,,,
11,1,8.368,1850,0,0,1.85,26.512,,,,,,,,,,,,,,,,,,
11,1,9.874,1850,0,0,1.85,28.362,,,,,,,,,,,,,,,,,,
11,1,10.978,1850,0,0,1.85,30.212,,,,,,,,,,,,,,,,,,
11,1,11.531,1850,0,0,1.85,32.062,,,,,,,,,,,,,,,,,,
11,1,11.682,1850,0,0,1.85,33.912,,,,,,,,,,,,,,,,,,
11,1,12.419,1850,0,0,1.85,35.762,,,,,,,,,,,,,,,,,,
11,1,12.532,1850,0,0,1.85,37.612,,,,,,,,,,,,,,,,,,
11,1,13.278,1850,0,0,1.85,39.462,,,,,,,,,,,,,,,,,,
11,1,15,1850,1823,0,-1.52255,37.93945,,,,,,,,,,,,,,,,,,
11,1,16,1850,1759,0,-1.40415,36.5353,,,,,,,,,,,,,,,,,,
11,1,17,1850,1336,0,-0.6216,35.9137,,,,,,,,,,,,,,,,,,
11,1,18,1850,1017,0,-0.03145,35.88225,,,,,,,,,,,,,,,,,,
11,1,19,1850,678,0,0.5957,36.47795,,,,,,,,,,,,,,,,,,
11,1,20,1850,241,0,1.40415,37.8821,,,,,,,,,,,,,,,,,,
11,1,21,1850,12,0,1.8278,39.7099,,,,,,,,,,,,,,,,,,
11,1,21.143,1850,0,0,1.85,41.5599,,,,,,,,,,,,,,,,,,
11,1,21.338,1850,0,0,1.85,43.4099,,,,,,,,,,,,,,,,,,
11,1,22.823,0,0,0,0,43.4099,,,,,,,,,,,,,,,,,,
11,1,23.047,1850,0,0,1.85,45.2599,,,,,,,,,,,,,,,,,,
11,1,23.868,1850,0,0,1.85,47.1099,,,,,,,,,,,,,,,,,,
11,1,25.769,1850,0,0,1.85,48.9599,,,,,,,,,,,,,,,,,,
11,2,1.302,1850,0,0,1.85,50.8099,,,,,,,,,,,,,,,,,,
11,3,0.669,0,0,0,0,50.8099,,,,,,,,,,,,,,,,,,
11,3,2,1850,445,0,1.02675,51.83665,,,,,,,,,,,,,,,,,,
11,3,3,1850,117,0,1.63355,53.4702,,,,,,,,,,,,,,,,,,
11,3,3.961,1850,0,0,1.85,55.3202,,,,,,,,,,,,,,,,,,
11,3,4.385,1850,0,0,1.85,57.1702,,,,,,,,,,,,,,,,,,
11,3,4.532,0,0,0,0,57.1702,,,,,,,,,,,,,,,,,,
11,3,5.442,1850,0,0,1.85,59.0202,,,,,,,,,,,,,,,,,,
11,4,1,0,552,0,-1.0212,57.999,,,,,,,,,,,,,,,,,,
11,4,1,1850,1182,0,-0.3367,57.6623,,,,,,,,,,,,,,,,,,
11,4,1.776,1850,0,0,1.85,59.5123,,,,,,,,,,,,,,,,,,
11,5,0,0,437,0,-0.80845,58.70385,,,,,,,,,,,,,,,,,,
11,5,0,1850,1114,0,-0.2109,58.49295,,,,,,,,,,,,,,,,,,
11,5,1,1850,150,0,1.5725,60.06545,,,,,,,,,,,,,,,,,,
11,5,2,1850,274,0,1.3431,61.40855,,,,,,,,,,,,,,,,,,
11,5,3,1850,136,0,1.5984,63.00695,,,,,,,,,,,,,,,,,,
11,5,4,1850,235,0,1.41525,64.4222,,,,,,,,,,,,,,,,,,
11,5,5,1850,120,0,1.628,66.0502,,,,,,,,,,,,,,,,,,
11,6,0,1850,75,0,1.71125,67.76145,,,,,,,,,,,,,,,,,,
11,7,0,0,0,0,0,67.76145,,,,,,,,,,,,,,,,,,
12,0,0,750,615,0,-0.38775,-0.38775,,,,,,,,,,,,,,,,,,
12,0,0.322,750,0,0,0.75,0.36225,,,,,,,,,,,,,,,,,,
12,0,0.713,750,0,0,0.75,1.11225,,,,,,,,,,,,,,,,,,
12,0,1.302,1850,0,1100,0.75,1.86225,,,,,,,,,,,,,,,,,,
12,0,1.814,1850,0,0,1.85,3.71225,,,,,,,,,,,,,,,,,,
12,0,5,1850,1121,0,-0.22385,3.4884,,,,,,,,,,,,,,,,,,
12,0,5.868,750,0,1100,-0.35,3.1384,,,,,,,,,,,,,,,,,,
12,0,7,750,100,0,0.565,3.7034,,,,,,,,,,,,,,,,,,
12,0,8,750,92,0,0.5798,4.2832,,,,,,,,,,,,,,,,,,
12,0,9,750,106,0,0.5539,4.8371,,,,,,,,,,,,,,,,,,
12,0,9.776,750,0,0,0.75,5.5871,,,,,,,,,,,,,,,,,,
12,0,10.956,750,0,0,0.75,6.3371,,,,,,,,,,,,,,,,,,
12,0,12,750,541,0,-0.25085,6.08625,,,,,,,,,,,,,,,,,,
12,0,13,1200,13,450,0.72595,6.8122,,,,,,,,,,,,,,,,,,
12,0,13.366,1200,0,0,1.2,8.0122,,,,,,,,,,,,,,,,,,
12,0,14.097,1200,0,0,1.2,9.2122,,,,,,,,,,,,,,,,,,
12,0,15.573,1200,0,0,1.2,10.4122,,,,,,,,,,,,,,,,,,
12,0,15.848,1200,0,0,1.2,11.6122,,,,,,,,,,,,,,,,,,
12,0,16.165,1200,0,0,1.2,12.8122,,,,,,,,,,,,,,,,,,
12,1,0.295,1200,0,0,1.2,14.0122,,,,,,,,,,,,,,,,,,
12,1,1.034,750,0,450,0.3,14.3122,,,,,,,,,,,,,,,,,,
12,1,1.476,750,0,0,0.75,15.0622,,,,,,,,,,,,,,,,,,
12,1,1.891,750,0,0,0.75,15.8122,,,,,,,,,,,,,,,,,,
12,1,2.245,1200,0,0,1.2,17.0122,,,,,,,,,,,,,,,,,,
12,1,3.735,1200,0,450,0.75,17.7622,,,,,,,,,,,,,,,,,,
12,1,4.483,1200,0,0,1.2,18.9622,,,,,,,,,,,,,,,,,,
12,1,5.222,1200,0,0,1.2,20.1622,,,,,,,,,,,,,,,,,,
12,1,5.548,1200,0,0,1.2,21.3622,,,,,,,,,,,,,,,,,,
12,1,5.993,1200,0,0,1.2,22.5622,,,,,,,,,,,,,,,,,,
12,1,7.044,0,0,0,0,22.5622,,,,,,,,,,,,,,,,,,
12,1,7.513,1850,0,650,1.2,23.7622,,,,,,,,,,,,,,,,,,
12,1,8.132,1850,0,0,1.85,25.6122,,,,,,,,,,,,,,,,,,
12,1,9.571,1850,0,650,1.2,26.8122,,,,,,,,,,,,,,,,,,
12,1,11,1850,60,0,1.739,28.5512,,,,,,,,,,,,,,,,,,
12,1,11.804,1850,0,0,1.85,30.4012,,,,,,,,,,,,,,,,,,
12,1,11.939,1850,0,0,1.85,32.2512,,,,,,,,,,,,,,,,,,
12,1,13.339,1850,0,0,1.85,34.1012,,,,,,,,,,,,,,,,,,
12,1,13.493,1850,0,0,1.85,35.9512,,,,,,,,,,,,,,,,,,
12,1,15,1850,2471,0,-2.72135,33.22985,,,,,,,,,,,,,,,,,,
12,1,16,1850,1334,0,-0.6179,32.61195,,,,,,,,,,,,,,,,,,
12,1,17,1850,1469,0,-0.86765,31.7443,,,,,,,,,,,,,,,,,,
12,1,18,1850,1604,0,-1.1174,30.6269,,,,,,,,,,,,,,,,,,
12,1,19,1850,859,0,0.26085,30.88775,,,,,,,,,,,,,,,,,,
12,1,20,1850,1173,0,-0.32005,30.5677,,,,,,,,,,,,,,,,,,
12,1,20.832,1850,0,0,1.85,32.4177,,,,,,,,,,,,,,,,,,
12,1,20.981,1850,0,0,1.85,34.2677,,,,,,,,,,,,,,,,,,
12,1,21.745,1200,0,650,0.55,34.8177,,,,,,,,,,,,,,,,,,
12,1,21.869,1200,0,650,0.55,35.3677,,,,,,,,,,,,,,,,,,
12,1,22.374,750,0,450,0.3,35.6677,,,,,,,,,,,,,,,,,,
12,1,22.473,1200,0,0,1.2,36.8677,,,,,,,,,,,,,,,,,,
12,1,22.843,750,0,0,0.75,37.6177,,,,,,,,,,,,,,,,,,
12,1,23.619,1200,0,450,0.75,38.3677,,,,,,,,,,,,,,,,,,
12,1,23.948,1200,0,0,1.2,39.5677,,,,,,,,,,,,,,,,,,
12,1,24.695,750,0,450,0.3,39.8677,,,,,,,,,,,,,,,,,,
12,1,25.941,750,0,0,0.75,40.6177,,,,,,,,,,,,,,,,,,
12,2,0.441,0,0,0,0,40.6177,,,,,,,,,,,,,,,,,,
12,2,1.568,0,0,0,0,40.6177,,,,,,,,,,,,,,,,,,
12,3,0.344,1200,0,650,0.55,41.1677,,,,,,,,,,,,,,,,,,
12,3,1.749,750,0,1100,-0.35,40.8177,,,,,,,,,,,,,,,,,,
12,3,2.936,750,0,0,0.75,41.5677,,,,,,,,,,,,,,,,,,
12,3,3.702,0,0,0,0,41.5677,,,,,,,,,,,,,,,,,,
12,3,4.164,1200,0,1650,-0.45,41.1177,,,,,,,,,,,,,,,,,,
12,3,4.355,0,0,0,0,41.1177,,,,,,,,,,,,,,,,,,
12,3,5.539,0,0,0,0,41.1177,,,,,,,,,,,,,,,,,,
12,4,1.639,0,0,0,0,41.1177,,,,,,,,,,,,,,,,,,
12,4,2.877,0,0,0,0,41.1177,,,,,,,,,,,,,,,,,,
12,5,0.871,0,0,0,0,41.1177,,,,,,,,,,,,,,,,,,
12,5,1.209,750,0,0,0.75,41.8677,,,,,,,,,,,,,,,,,,
12,5,1.572,750,0,0,0.75,42.6177,,,,,,,,,,,,,,,,,,
12,5,2.072,0,0,0,0,42.6177,,,,,,,,,,,,,,,,,,
12,5,2.572,0,0,0,0,42.6177,,,,,,,,,,,,,,,,,,
12,5,3.072,0,0,0,0,42.6177,,,,,,,,,,,,,,,,,,
12,5,3.432,750,0,1200,-0.45,42.1677,,,,,,,,,,,,,,,,,,
12,5,3.932,0,0,0,0,42.1677,,,,,,,,,,,,,,,,,,
12,5,4.432,0,0,0,0,42.1677,,,,,,,,,,,,,,,,,,
12,5,4.932,0,0,0,0,42.1677,,,,,,,,,,,,,,,,,,
12,6,0.051,0,0,0,0,42.1677,,,,,,,,,,,,,,,,,,
12,7,0.051,0,0,0,0,42.1677,,,,,,,,,,,,,,,,,,
13,0,0,750,606,0,-0.3711,-0.3711,,,,,,,,,,,,,,,,,,
13,0,0.79,750,0,0,0.75,0.3789,,,,,,,,,,,,,,,,,,
13,0,1.825,750,0,0,0.75,1.1289,,,,,,,,,,,,,,,,,,
13,0,2.706,1200,0,450,0.75,1.8789,,,,,,,,,,,,,,,,,,
13,0,3.099,1200,0,0,1.2,3.0789,,,,,,,,,,,,,,,,,,
13,0,5,750,205,450,-0.07925,2.99965,,,,,,,,,,,,,,,,,,
13,0,6,750,416,0,-0.0196,2.98005,,,,,,,,,,,,,,,,,,
13,0,7,750,1103,0,-1.29055,1.6895,,,,,,,,,,,,,,,,,,
13,0,8,750,282,0,0.2283,1.9178,,,,,,,,,,,,,,,,,,
13,0,8.92,750,0,0,0.75,2.6678,,,,,,,,,,,,,,,,,,
13,0,9.653,750,0,0,0.75,3.4178,,,,,,,,,,,,,,,,,,
13,0,10.725,750,0,0,0.75,4.1678,,,,,,,,,,,,,,,,,,
13,0,12,750,84,0,0.5946,4.7624,,,,,,,,,,,,,,,,,,
13,0,13,1200,34,450,0.6871,5.4495,,,,,,,,,,,,,,,,,,
13,0,13.337,1200,0,0,1.2,6.6495,,,,,,,,,,,,,,,,,,
13,0,13.931,750,0,450,0.3,6.9495,,,,,,,,,,,,,,,,,,
13,0,14.138,1200,0,0,1.2,8.1495,,,,,,,,,,,,,,,,,,
13,0,14.75,750,0,0,0.75,8.8995,,,,,,,,,,,,,,,,,,
13,0,14.859,1200,0,0,1.2,10.0995,,,,,,,,,,,,,,,,,,
13,0,15.127,1200,0,0,1.2,11.2995,,,,,,,,,,,,,,,,,,
13,0,15.43,1200,0,0,1.2,12.4995,,,,,,,,,,,,,,,,,,
13,0,15.924,1200,0,0,1.2,13.6995,,,,,,,,,,,,,,,,,,
13,0,16.712,0,0,0,0,13.6995,,,,,,,,,,,,,,,,,,
13,1,0.057,1200,0,0,1.2,14.8995,,,,,,,,,,,,,,,,,,
13,1,0.887,750,0,450,0.3,15.1995,,,,,,,,,,,,,,,,,,
13,1,1.879,750,0,0,0.75,15.9495,,,,,,,,,,,,,,,,,,
13,1,2.581,750,0,0,0.75,16.6995,,,,,,,,,,,,,,,,,,
13,1,3.341,1200,0,450,0.75,17.4495,,,,,,,,,,,,,,,,,,
13,1,4.78,1200,0,0,1.2,18.6495,,,,,,,,,,,,,,,,,,
13,1,5.486,1200,0,0,1.2,19.8495,,,,,,,,,,,,,,,,,,
13,1,6.05,1200,0,0,1.2,21.0495,,,,,,,,,,,,,,,,,,
13,1,6.691,1200,0,0,1.2,22.2495,,,,,,,,,,,,,,,,,,
13,1,7.376,1200,0,0,1.2,23.4495,,,,,,,,,,,,,,,,,,
13,1,7.878,1200,0,0,1.2,24.6495,,,,,,,,,,,,,,,,,,
13,1,8.605,1200,0,0,1.2,25.8495,,,,,,,,,,,,,,,,,,
13,1,9.135,1200,0,0,1.2,27.0495,,,,,,,,,,,,,,,,,,
13,1,10.232,1200,0,0,1.2,28.2495,,,,,,,,,,,,,,,,,,
13,1,10.549,1200,0,0,1.2,29.4495,,,,,,,,,,,,,,,,,,
13,1,11.293,1200,0,0,1.2,30.6495,,,,,,,,,,,,,,,,,,
13,1,11.444,1200,0,0,1.2,31.8495,,,,,,,,,,,,,,,,,,
13,1,12.308,1200,0,0,1.2,33.0495,,,,,,,,,,,,,,,,,,
13,1,12.452,1200,0,0,1.2,34.2495,,,,,,,,,,,,,,,,,,
13,1,13.288,1200,0,0,1.2,35.4495,,,,,,,,,,,,,,,,,,
13,1,14.795,750,0,450,0.3,35.7495,,,,,,,,,,,,,,,,,,
13,1,16,750,470,0,-0.1195,35.63,,,,,,,,,,,,,,,,,,
13,1,17,750,287,0,0.21905,35.84905,,,,,,,,,,,,,,,,,,
13,1,18,750,479,0,-0.13615,35.7129,,,,,,,,,,,,,,,,,,
13,1,18.869,750,0,0,0.75,36.4629,,,,,,,,,,,,,,,,,,
13,1,19.681,750,0,0,0.75,37.2129,,,,,,,,,,,,,,,,,,
13,1,20.207,1200,0,450,0.75,37.9629,,,,,,,,,,,,,,,,,,
13,1,20.311,1200,0,0,1.2,39.1629,,,,,,,,,,,,,,,,,,
13,1,20.826,750,0,450,0.3,39.4629,,,,,,,,,,,,,,,,,,
13,1,21.326,0,0,0,0,39.4629,,,,,,,,,,,,,,,,,,
13,1,21.457,1200,0,0,1.2,40.6629,,,,,,,,,,,,,,,,,,
13,1,21.957,0,0,0,0,40.6629,,,,,,,,,,,,,,,,,,
13,1,22.457,0,0,0,0,40.6629,,,,,,,,,,,,,,,,,,
13,1,22.569,1200,0,0,1.2,41.8629,,,,,,,,,,,,,,,,,,
13,1,23.069,0,0,0,0,41.8629,,,,,,,,,,,,,,,,,,
13,1,23.379,1200,0,0,1.2,43.0629,,,,,,,,,,,,,,,,,,
13,1,23.879,0,0,0,0,43.0629,,,,,,,,,,,,,,,,,,
13,1,24.379,0,0,0,0,43.0629,,,,,,,,,,,,,,,,,,
13,1,24.879,0,0,0,0,43.0629,,,,,,,,,,,,,,,,,,
13,1,25.379,0,0,0,0,43.0629,,,,,,,,,,,,,,,,,,
13,1,25.879,0,0,0,0,43.0629,,,,,,,,,,,,,,,,,,
13,2,0.379,0,0,0,0,43.0629,,,,,,,,,,,,,,,,,,
13,2,0.698,0,0,0,0,43.0629,,,,,,,,,,,,,,,,,,
13,2,0.962,1200,0,450,0.75,43.8129,,,,,,,,,,,,,,,,,,
13,2,1.333,0,0,0,0,43.8129,,,,,,,,,,,,,,,,,,
13,2,1.693,0,0,0,0,43.8129,,,,,,,,,,,,,,,,,,
13,3,0.269,0,0,0,0,43.8129,,,,,,,,,,,,,,,,,,
13,3,1.025,750,0,450,0.3,44.1129,,,,,,,,,,,,,,,,,,
13,3,1.911,750,0,0,0.75,44.8629,,,,,,,,,,,,,,,,,,
13,3,2.411,0,0,0,0,44.8629,,,,,,,,,,,,,,,,,,
13,3,2.911,0,0,0,0,44.8629,,,,,,,,,,,,,,,,,,
13,3,3.411,0,0,0,0,44.8629,,,,,,,,,,,,,,,,,,
13,3,3.874,1200,0,1650,-0.45,44.4129,,,,,,,,,,,,,,,,,,
13,3,4.374,0,0,0,0,44.4129,,,,,,,,,,,,,,,,,,
13,3,4.573,0,0,0,0,44.4129,,,,,,,,,,,,,,,,,,
13,3,5.073,0,0,0,0,44.4129,,,,,,,,,,,,,,,,,,
13,4,0.641,0,0,0,0,44.4129,,,,,,,,,,,,,,,,,,
13,4,1.369,0,0,0,0,44.4129,,,,,,,,,,,,,,,,,,
13,4,1.869,0,0,0,0,44.4129,,,,,,,,,,,,,,,,,,
13,4,2.369,0,0,0,0,44.4129,,,,,,,,,,,,,,,,,,
13,5,0.163,0,0,0,0,44.4129,,,,,,,,,,,,,,,,,,
13,5,0.717,750,0,0,0.75,45.1629,,,,,,,,,,,,,,,,,,
13,5,1.165,750,0,0,0.75,45.9129,,,,,,,,,,,,,,,,,,
13,5,1.665,0,0,0,0,45.9129,,,,,,,,,,,,,,,,,,
13,5,2.165,0,0,0,0,45.9129,,,,,,,,,,,,,,,,,,
13,5,2.665,0,0,0,0,45.9129,,,,,,,,,,,,,,,,,,
13,5,3.165,0,0,0,0,45.9129,,,,,,,,,,,,,,,,,,
13,5,3.573,750,0,1200,-0.45,45.4629,,,,,,,,,,,,,,,,,,
13,5,4.073,0,0,0,0,45.4629,,,,,,,,,,,,,,,,,,
13,5,4.573,0,0,0,0,45.4629,,,,,,,,,,,,,,,,,,
13,5,5.073,0,0,0,0,45.4629,,,,,,,,,,,,,,,,,,
13,6,0.192,0,0,0,0,45.4629,,,,,,,,,,,,,,,,,,
13,7,0.192,0,0,0,0,45.4629,,,,,,,,,,,,,,,,,,
14,0,0,750,280,0,0.232,0.232,,,,,,,,,,,,,,,,,,
14,0,0.949,1850,0,1100,0.75,0.982,,,,,,,,,,,,,,,,,,
14,0,1.534,1850,0,0,1.85,2.832,,,,,,,,,,,,,,,,,,
14,0,2.154,1850,0,0,1.85,4.682,,,,,,,,,,,,,,,,,,
14,0,2.483,1850,0,0,1.85,6.532,,,,,,,,,,,,,,,,,,
14,0,5,1850,2198,0,-2.2163,4.3157,,,,,,,,,,,,,,,,,,
14,0,6,1850,738,0,0.4847,4.8004,,,,,,,,,,,,,,,,,,
14,0,7,1850,810,0,0.3515,5.1519,,,,,,,,,,,,,,,,,,
14,0,8,1850,1557,0,-1.03045,4.12145,,,,,,,,,,,,,,,,,,
14,0,9,1850,809,0,0.35335,4.4748,,,,,,,,,,,,,,,,,,
14,0,10,1850,127,0,1.61505,6.08985,,,,,,,,,,,,,,,,,,
14,0,11,1850,514,0,0.8991,6.98895,,,,,,,,,,,,,,,,,,
14,0,12,1850,246,0,1.3949,8.38385,,,,,,,,,,,,,,,,,,
14,0,12.896,1850,0,0,1.85,10.23385,,,,,,,,,,,,,,,,,,
14,0,13.758,1850,0,0,1.85,12.08385,,,,,,,,,,,,,,,,,,
14,0,15,1850,335,0,1.23025,13.3141,,,,,,,,,,,,,,,,,,
14,0,16,1850,93,0,1.67795,14.99205,,,,,,,,,,,,,,,,,,
14,0,16.186,1850,0,0,1.85,16.84205,,,,,,,,,,,,,,,,,,
14,0,16.358,1850,0,0,1.85,18.69205,,,,,,,,,,,,,,,,,,
14,1,0.13,1850,0,0,1.85,20.54205,,,,,,,,,,,,,,,,,,
14,1,2.767,1850,0,0,1.85,22.39205,,,,,,,,,,,,,,,,,,
14,1,4,1850,1984,0,-1.8204,20.57165,,,,,,,,,,,,,,,,,,
14,1,5,1850,1941,0,-1.74085,18.8308,,,,,,,,,,,,,,,,,,
14,1,6,1850,476,0,0.9694,19.8002,,,,,,,,,,,,,,,,,,
14,1,7,1850,1530,0,-0.9805,18.8197,,,,,,,,,,,,,,,,,,
14,1,8,1850,225,0,1.43375,20.25345,,,,,,,,,,,,,,,,,,
14,1,9,1850,399,0,1.11185,21.3653,,,,,,,,,,,,,,,,,,
14,1,9.659,1850,0,0,1.85,23.2153,,,,,,,,,,,,,,,,,,
14,1,10.503,1850,0,0,1.85,25.0653,,,,,,,,,,,,,,,,,,
14,1,10.986,1850,0,0,1.85,26.9153,,,,,,,,,,,,,,,,,,
14,1,11.793,1850,0,0,1.85,28.7653,,,,,,,,,,,,,,,,,,
14,1,11.908,1850,0,0,1.85,30.6153,,,,,,,,,,,,,,,,,,
14,1,12.542,1850,0,0,1.85,32.4653,,,,,,,,,,,,,,,,,,
14,1,12.655,1850,0,0,1.85,34.3153,,,,,,,,,,,,,,,,,,
14,1,13.727,0,0,0,0,34.3153,,,,,,,,,,,,,,,,,,
14,1,15,1850,1242,0,-0.4477,33.8676,,,,,,,,,,,,,,,,,,
14,1,16,1850,2028,0,-1.9018,31.9658,,,,,,,,,,,,,,,,,,
14,1,17,1850,1613,0,-1.13405,30.83175,,,,,,,,,,,,,,,,,,
14,1,18,1850,844,0,0.2886,31.12035,,,,,,,,,,,,,,,,,,
14,1,19,1850,724,0,0.5106,31.63095,,,,,,,,,,,,,,,,,,
14,1,19.964,1850,0,0,1.85,33.48095,,,,,,,,,,,,,,,,,,
14,1,20.8,1850,0,0,1.85,35.33095,,,,,,,,,,,,,,,,,,
14,1,20.902,1850,0,0,1.85,37.18095,,,,,,,,,,,,,,,,,,
14,1,22.035,1850,0,0,1.85,39.03095,,,,,,,,,,,,,,,,,,
14,1,22.162,1850,0,0,1.85,40.88095,,,,,,,,,,,,,,,,,,
14,1,22.273,1850,0,0,1.85,42.73095,,,,,,,,,,,,,,,,,,
14,1,23.561,1850,0,0,1.85,44.58095,,,,,,,,,,,,,,,,,,
14,1,23.811,1850,0,0,1.85,46.43095,,,,,,,,,,,,,,,,,,
14,1,24.856,1850,0,0,1.85,48.28095,,,,,,,,,,,,,,,,,,
14,1,25.384,1850,0,650,1.2,49.48095,,,,,,,,,,,,,,,,,,
14,2,0.378,1850,0,0,1.85,51.33095,,,,,,,,,,,,,,,,,,
14,2,1.87,0,0,0,0,51.33095,,,,,,,,,,,,,,,,,,
14,3,0.896,1850,0,0,1.85,53.18095,,,,,,,,,,,,,,,,,,
14,3,1.749,1850,0,0,1.85,55.03095,,,,,,,,,,,,,,,,,,
14,3,2.742,1850,0,0,1.85,56.88095,,,,,,,,,,,,,,,,,,
14,3,3.934,1850,0,0,1.85,58.73095,,,,,,,,,,,,,,,,,,
14,3,4.131,1850,0,1850,0,58.73095,,,,,,,,,,,,,,,,,,
14,3,4.243,0,0,0,0,58.73095,,,,,,,,,,,,,,,,,,
14,3,4.897,1850,0,0,1.85,60.58095,,,,,,,,,,,,,,,,,,
14,4,0.18,1850,0,0,1.85,62.43095,,,,,,,,,,,,,,,,,,
14,4,1.586,0,0,0,0,62.43095,,,,,,,,,,,,,,,,,,
14,4,2.2,1850,0,1100,0.75,63.18095,,,,,,,,,,,,,,,,,,
14,5,0.434,0,0,0,0,63.18095,,,,,,,,,,,,,,,,,,
14,5,1.515,1850,0,0,1.85,65.03095,,,,,,,,,,,,,,,,,,
14,5,2.725,1850,0,0,1.85,66.88095,,,,,,,,,,,,,,,,,,
14,5,3.802,0,0,0,0,66.88095,,,,,,,,,,,,,,,,,,
14,5,4.883,1850,0,1850,0,66.88095,,,,,,,,,,,,,,,,,,
14,7,4.883,0,0,0,0,66.88095,,,,,,,,,,,,,,,,,,
15,0,0,750,304,0,0.1876,0.1876,,,,,,,,,,,,,,,,,,
15,0,0.93,1850,0,1100,0.75,0.9376,,,,,,,,,,,,,,,,,,
15,0,1.982,1850,0,0,1.85,2.7876,,,,,,,,,,,,,,,,,,
15,0,3,1850,149,0,1.57435,4.36195,,,,,,,,,,,,,,,,,,
15,0,3.38,1200,0,650,0.55,4.91195,,,,,,,,,,,,,,,,,,
15,0,5,750,123,450,0.07245,4.9844,,,,,,,,,,,,,,,,,,
15,0,5.888,750,0,0,0.75,5.7344,,,,,,,,,,,,,,,,,,
15,0,7,750,41,0,0.67415,6.40855,,,,,,,,,,,,,,,,,,
15,0,8,750,271,0,0.24865,6.6572,,,,,,,,,,,,,,,,,,
15,0,8.831,750,0,0,0.75,7.4072,,,,,,,,,,,,,,,,,,
15,0,9.873,1200,0,450,0.75,8.1572,,,,,,,,,,,,,,,,,,
15,0,10.726,750,0,450,0.3,8.4572,,,,,,,,,,,,,,,,,,
15,0,11.606,750,0,0,0.75,9.2072,,,,,,,,,,,,,,,,,,
15,0,12.636,1200,0,450,0.75,9.9572,,,,,,,,,,,,,,,,,,
15,0,13.18,1200,0,0,1.2,11.1572,,,,,,,,,,,,,,,,,,
15,0,14.119,1200,0,0,1.2,12.3572,,,,,,,,,,,,,,,,,,
15,0,15.434,1200,0,0,1.2,13.5572,,,,,,,,,,,,,,,,,,
15,0,15.628,1200,0,0,1.2,14.7572,,,,,,,,,,,,,,,,,,
15,0,15.799,1200,0,0,1.2,15.9572,,,,,,,,,,,,,,,,,,
15,0,16.464,1200,0,0,1.2,17.1572,,,,,,,,,,,,,,,,,,
15,1,0.387,1200,0,0,1.2,18.3572,,,,,,,,,,,,,,,,,,
15,1,3,750,203,450,-0.07555,18.28165,,,,,,,,,,,,,,,,,,
15,1,4,750,1095,0,-1.27575,17.0059,,,,,,,,,,,,,,,,,,
15,1,5,750,88,0,0.5872,17.5931,,,,,,,,,,,,,,,,,,
15,1,6,750,920,0,-0.952,16.6411,,,,,,,,,,,,,,,,,,
15,1,7,750,398,0,0.0137,16.6548,,,,,,,,,,,,,,,,,,
15,1,8,750,421,0,-0.02885,16.62595,,,,,,,,,,,,,,,,,,
15,1,8.719,750,0,0,0.75,17.37595,,,,,,,,,,,,,,,,,,
15,1,9.015,750,0,0,0.75,18.12595,,,,,,,,,,,,,,,,,,
15,1,9.323,750,0,0,0.75,18.87595,,,,,,,,,,,,,,,,,,
15,1,9.834,1200,0,0,1.2,20.07595,,,,,,,,,,,,,,,,,,
15,1,10.64,0,0,0,0,20.07595,,,,,,,,,,,,,,,,,,
15,1,11.188,1200,0,450,0.75,20.82595,,,,,,,,,,,,,,,,,,
15,1,11.299,1200,0,0,1.2,22.02595,,,,,,,,,,,,,,,,,,
15,1,11.737,1200,0,0,1.2,23.22595,,,,,,,,,,,,,,,,,,
15,1,12.243,1200,0,0,1.2,24.42595,,,,,,,,,,,,,,,,,,
15,1,12.357,1200,0,0,1.2,25.62595,,,,,,,,,,,,,,,,,,
15,1,13.322,1200,0,0,1.2,26.82595,,,,,,,,,,,,,,,,,,
15,1,14.704,750,0,450,0.3,27.12595,,,,,,,,,,,,,,,,,,
15,1,15.726,750,0,0,0.75,27.87595,,,,,,,,,,,,,,,,,,
15,1,16.958,750,0,0,0.75,28.62595,,,,,,,,,,,,,,,,,,
15,1,18,750,74,0,0.6131,29.23905,,,,,,,,,,,,,,,,,,
15,1,18.594,750,0,0,0.75,29.98905,,,,,,,,,,,,,,,,,,
15,1,19.124,750,0,0,0.75,30.73905,,,,,,,,,,,,,,,,,,
15,1,19.59,1200,0,450,0.75,31.48905,,,,,,,,,,,,,,,,,,
15,1,19.989,1200,0,650,0.55,32.03905,,,,,,,,,,,,,,,,,,
15,1,20.703,1200,0,0,1.2,33.23905,,,,,,,,,,,,,,,,,,
15,1,20.856,1200,0,0,1.2,34.43905,,,,,,,,,,,,,,,,,,
15,1,21.748,1200,0,0,1.2,35.63905,,,,,,,,,,,,,,,,,,
15,1,21.861,1200,0,0,1.2,36.83905,,,,,,,,,,,,,,,,,,
15,1,22.534,1200,0,0,1.2,38.03905,,,,,,,,,,,,,,,,,,
15,1,22.638,1200,0,0,1.2,39.23905,,,,,,,,,,,,,,,,,,
15,1,23.088,750,0,450,0.3,39.53905,,,,,,,,,,,,,,,,,,
15,1,23.379,1200,0,0,1.2,40.73905,,,,,,,,,,,,,,,,,,
15,1,24.244,1200,0,450,0.75,41.48905,,,,,,,,,,,,,,,,,,
15,1,24.744,0,0,0,0,41.48905,,,,,,,,,,,,,,,,,,
15,1,25.244,0,0,0,0,41.48905,,,,,,,,,,,,,,,,,,
15,1,25.744,0,0,0,0,41.48905,,,,,,,,,,,,,,,,,,
15,2,0.244,0,0,0,0,41.48905,,,,,,,,,,,,,,,,,,
15,2,0.966,0,0,0,0,41.48905,,,,,,,,,,,,,,,,,,
15,2,1.533,1200,0,650,0.55,42.03905,,,,,,,,,,,,,,,,,,
15,3,0.433,0,0,0,0,42.03905,,,,,,,,,,,,,,,,,,
15,3,1.327,750,0,450,0.3,42.33905,,,,,,,,,,,,,,,,,,
15,3,2.073,750,0,0,0.75,43.08905,,,,,,,,,,,,,,,,,,
15,3,2.952,0,0,0,0,43.08905,,,,,,,,,,,,,,,,,,
15,3,3.452,0,0,0,0,43.08905,,,,,,,,,,,,,,,,,,
15,3,3.892,1200,0,1650,-0.45,42.63905,,,,,,,,,,,,,,,,,,
15,3,4.392,0,0,0,0,42.63905,,,,,,,,,,,,,,,,,,
15,3,4.578,0,0,0,0,42.63905,,,,,,,,,,,,,,,,,,
15,3,5.078,0,0,0,0,42.63905,,,,,,,,,,,,,,,,,,
15,4,0.811,0,0,0,0,42.63905,,,,,,,,,,,,,,,,,,
15,4,1.886,0,0,0,0,42.63905,,,,,,,,,,,,,,,,,,
15,4,2.386,0,0,0,0,42.63905,,,,,,,,,,,,,,,,,,
15,5,0.843,0,0,0,0,42.63905,,,,,,,,,,,,,,,,,,
15,5,1.598,750,0,450,0.3,42.93905,,,,,,,,,,,,,,,,,,
15,5,2.248,750,0,0,0.75,43.68905,,,,,,,,,,,,,,,,,,
15,5,2.748,0,0,0,0,43.68905,,,,,,,,,,,,,,,,,,
15,5,3.248,0,0,0,0,43.68905,,,,,,,,,,,,,,,,,,
15,5,3.835,750,0,1200,-0.45,43.23905,,,,,,,,,,,,,,,,,,
15,5,4.335,0,0,0,0,43.23905,,,,,,,,,,,,,,,,,,
15,5,4.835,0,0,0,0,43.23905,,,,,,,,,,,,,,,,,,
15,5,5.335,0,0,0,0,43.23905,,,,,,,,,,,,,,,,,,
15,7,5.335,0,0,0,0,43.23905,,,,,,,,,,,,,,,,,,
16,0,0,750,630,0,-0.4155,-0.4155,,,,,,,,,,,,,,,,,,
16,0,0.825,750,0,0,0.75,0.3345,,,,,,,,,,,,,,,,,,
16,0,1.942,750,0,0,0.75,1.0845,,,,,,,,,,,,,,,,,,
16,0,2.903,1200,0,450,0.75,1.8345,,,,,,,,,,,,,,,,,,
16,0,3.3,1200,0,0,1.2,3.0345,,,,,,,,,,,,,,,,,,
16,0,5,750,791,450,-1.16335,1.87115,,,,,,,,,,,,,,,,,,
16,0,6,750,65,0,0.62975,2.5009,,,,,,,,,,,,,,,,,,
16,0,7,750,596,0,-0.3526,2.1483,,,,,,,,,,,,,,,,,,
16,0,7.999,750,0,0,0.75,2.8983,,,,,,,,,,,,,,,,,,
16,0,9,750,489,0,-0.15465,2.74365,,,,,,,,,,,,,,,,,,
16,0,9.972,750,0,0,0.75,3.49365,,,,,,,,,,,,,,,,,,
16,0,10.682,750,0,0,0.75,4.24365,,,,,,,,,,,,,,,,,,
16,0,11.573,750,0,0,0.75,4.99365,,,,,,,,,,,,,,,,,,
16,0,12.329,1200,0,450,0.75,5.74365,,,,,,,,,,,,,,,,,,
16,0,12.901,1200,0,0,1.2,6.94365,,,,,,,,,,,,,,,,,,
16,0,13.14,1200,0,0,1.2,8.14365,,,,,,,,,,,,,,,,,,
16,0,14.144,750,0,450,0.3,8.44365,,,,,,,,,,,,,,,,,,
16,0,14.954,750,0,0,0.75,9.19365,,,,,,,,,,,,,,,,,,
16,0,15.169,1200,0,0,1.2,10.39365,,,,,,,,,,,,,,,,,,
16,0,15.719,750,0,450,0.3,10.69365,,,,,,,,,,,,,,,,,,
16,0,16.267,750,0,0,0.75,11.44365,,,,,,,,,,,,,,,,,,
16,1,0.155,750,0,0,0.75,12.19365,,,,,,,,,,,,,,,,,,
16,1,2.49,750,0,0,0.75,12.94365,,,,,,,,,,,,,,,,,,
16,1,4,750,275,0,0.24125,13.1849,,,,,,,,,,,,,,,,,,
16,1,5,750,727,0,-0.59495,12.58995,,,,,,,,,,,,,,,,,,
16,1,6,750,166,0,0.4429,13.03285,,,,,,,,,,,,,,,,,,
16,1,6.815,750,0,0,0.75,13.78285,,,,,,,,,,,,,,,,,,
16,1,7.631,750,0,0,0.75,14.53285,,,,,,,,,,,,,,,,,,
16,1,8.297,750,0,0,0.75,15.28285,,,,,,,,,,,,,,,,,,
16,1,9.084,750,0,0,0.75,16.03285,,,,,,,,,,,,,,,,,,
16,1,9.935,750,0,0,0.75,16.78285,,,,,,,,,,,,,,,,,,
16,1,10.753,0,0,0,0,16.78285,,,,,,,,,,,,,,,,,,
16,1,11.493,1200,0,450,0.75,17.53285,,,,,,,,,,,,,,,,,,
16,1,11.637,1200,0,0,1.2,18.73285,,,,,,,,,,,,,,,,,,
16,1,12.657,1200,0,450,0.75,19.48285,,,,,,,,,,,,,,,,,,
16,1,12.827,1200,0,0,1.2,20.68285,,,,,,,,,,,,,,,,,,
16,1,13.584,750,0,450,0.3,20.98285,,,,,,,,,,,,,,,,,,
16,1,15,750,1488,450,-2.4528,18.53005,,,,,,,,,,,,,,,,,,
16,1,16,750,961,0,-1.02785,17.5022,,,,,,,,,,,,,,,,,,
16,1,17,750,768,0,-0.6708,16.8314,,,,,,,,,,,,,,,,,,
16,1,18,750,254,0,0.2801,17.1115,,,,,,,,,,,,,,,,,,
16,1,19,750,265,0,0.25975,17.37125,,,,,,,,,,,,,,,,,,
16,1,19.996,750,0,0,0.75,18.12125,,,,,,,,,,,,,,,,,,
16,1,20.826,1200,0,450,0.75,18.87125,,,,,,,,,,,,,,,,,,
16,1,20.942,1200,0,0,1.2,20.07125,,,,,,,,,,,,,,,,,,
16,1,21.871,750,0,0,0.75,20.82125,,,,,,,,,,,,,,,,,,
16,1,22.007,1200,0,0,1.2,22.02125,,,,,,,,,,,,,,,,,,
16,1,22.122,1200,0,0,1.2,23.22125,,,,,,,,,,,,,,,,,,
16,1,22.605,750,0,450,0.3,23.52125,,,,,,,,,,,,,,,,,,
16,1,23.272,750,0,0,0.75,24.27125,,,,,,,,,,,,,,,,,,
16,1,23.561,1200,0,0,1.2,25.47125,,,,,,,,,,,,,,,,,,
16,1,24.332,750,0,0,0.75,26.22125,,,,,,,,,,,,,,,,,,
16,1,25.029,1200,0,450,0.75,26.97125,,,,,,,,,,,,,,,,,,
16,1,25.725,750,0,450,0.3,27.27125,,,,,,,,,,,,,,,,,,
16,2,0.433,750,0,0,0.75,28.02125,,,,,,,,,,,,,,,,,,
16,2,1.082,0,0,0,0,28.02125,,,,,,,,,,,,,,,,,,
16,2,1.821,1200,0,450,0.75,28.77125,,,,,,,,,,,,,,,,,,
16,3,1.005,0,0,0,0,28.77125,,,,,,,,,,,,,,,,,,
16,3,1.957,750,0,0,0.75,29.52125,,,,,,,,,,,,,,,,,,
16,3,3.02,750,0,0,0.75,30.27125,,,,,,,,,,,,,,,,,,
16,3,3.447,1200,0,1200,0,30.27125,,,,,,,,,,,,,,,,,,
16,3,4.61,0,0,0,0,30.27125,,,,,,,,,,,,,,,,,,
16,3,4.713,0,0,0,0,30.27125,,,,,,,,,,,,,,,,,,
16,3,5.213,0,0,0,0,30.27125,,,,,,,,,,,,,,,,,,
16,3,5.559,0,0,0,0,30.27125,,,,,,,,,,,,,,,,,,
16,4,0.442,0,0,0,0,30.27125,,,,,,,,,,,,,,,,,,
16,4,0.86,0,0,0,0,30.27125,,,,,,,,,,,,,,,,,,
16,4,1.36,0,0,0,0,30.27125,,,,,,,,,,,,,,,,,,
16,4,1.86,0,0,0,0,30.27125,,,,,,,,,,,,,,,,,,
16,4,2.36,0,0,0,0,30.27125,,,,,,,,,,,,,,,,,,
16,4,2.797,0,0,0,0,30.27125,,,,,,,,,,,,,,,,,,
16,5,0.409,0,0,0,0,30.27125,,,,,,,,,,,,,,,,,,
16,5,0.728,750,0,0,0.75,31.02125,,,,,,,,,,,,,,,,,,
16,5,1.085,750,0,0,0.75,31.77125,,,,,,,,,,,,,,,,,,
16,5,1.585,0,0,0,0,31.77125,,,,,,,,,,,,,,,,,,
16,5,2.085,0,0,0,0,31.77125,,,,,,,,,,,,,,,,,,
16,5,2.585,0,0,0,0,31.77125,,,,,,,,,,,,,,,,,,
16,5,3.085,0,0,0,0,31.77125,,,,,,,,,,,,,,,,,,
16,5,3.576,750,0,1200,-0.45,31.32125,,,,,,,,,,,,,,,,,,
16,5,4.076,0,0,0,0,31.32125,,,,,,,,,,,,,,,,,,
16,5,4.576,0,0,0,0,31.32125,,,,,,,,,,,,,,,,,,
16,5,5.076,0,0,0,0,31.32125,,,,,,,,,,,,,,,,,,
16,6,0.195,0,0,0,0,31.32125,,,,,,,,,,,,,,,,,,
16,7,0.195,0,0,0,0,31.32125,,,,,,,,,,,,,,,,,,
17,0,0,750,248,0,0.2912,0.2912,,,,,,,,,,,,,,,,,,
17,0,0.765,1850,0,1100,0.75,1.0412,,,,,,,,,,,,,,,,,,
17,0,1.846,1850,0,0,1.85,2.8912,,,,,,,,,,,,,,,,,,
17,0,2.515,1850,0,0,1.85,4.7412,,,,,,,,,,,,,,,,,,
17,0,3.22,1850,0,0,1.85,6.5912,,,,,,,,,,,,,,,,,,
17,0,5,1850,2171,0,-2.16635,4.42485,,,,,,,,,,,,,,,,,,
17,0,6,1850,447,0,1.02305,5.4479,,,,,,,,,,,,,,,,,,
17,0,7,1850,1432,0,-0.7992,4.6487,,,,,,,,,,,,,,,,,,
17,0,8,1850,2388,0,-2.5678,2.0809,,,,,,,,,,,,,,,,,,
17,0,9,1850,792,0,0.3848,2.4657,,,,,,,,,,,,,,,,,,
17,0,10,1850,147,0,1.57805,4.04375,,,,,,,,,,,,,,,,,,
17,0,11,1850,987,0,0.02405,4.0678,,,,,,,,,,,,,,,,,,
17,0,12,1850,420,0,1.073,5.1408,,,,,,,,,,,,,,,,,,
17,0,13,1850,59,0,1.74085,6.88165,,,,,,,,,,,,,,,,,,
17,0,13.691,1850,0,0,1.85,8.73165,,,,,,,,,,,,,,,,,,
17,0,14.368,1850,0,0,1.85,10.58165,,,,,,,,,,,,,,,,,,
17,0,15.755,1850,0,0,1.85,12.43165,,,,,,,,,,,,,,,,,,
17,0,15.981,1850,0,0,1.85,14.28165,,,,,,,,,,,,,,,,,,
17,0,16.151,1200,0,650,0.55,14.83165,,,,,,,,,,,,,,,,,,
17,1,0.195,1200,0,0,1.2,16.03165,,,,,,,,,,,,,,,,,,
17,1,1.612,750,0,450,0.3,16.33165,,,,,,,,,,,,,,,,,,
17,1,2.408,750,0,0,0.75,17.08165,,,,,,,,,,,,,,,,,,
17,1,3.328,750,0,0,0.75,17.83165,,,,,,,,,,,,,,,,,,
17,1,4.163,750,0,0,0.75,18.58165,,,,,,,,,,,,,,,,,,
17,1,4.969,750,0,0,0.75,19.33165,,,,,,,,,,,,,,,,,,
17,1,5.708,1200,0,450,0.75,20.08165,,,,,,,,,,,,,,,,,,
17,1,6.165,1200,0,0,1.2,21.28165,,,,,,,,,,,,,,,,,,
17,1,6.559,1200,0,0,1.2,22.48165,,,,,,,,,,,,,,,,,,
17,1,8.329,1850,0,650,1.2,23.68165,,,,,,,,,,,,,,,,,,
17,1,8.894,1200,0,0,1.2,24.88165,,,,,,,,,,,,,,,,,,
17,1,9.749,0,0,0,0,24.88165,,,,,,,,,,,,,,,,,,
17,1,10.674,1200,0,0,1.2,26.08165,,,,,,,,,,,,,,,,,,
17,1,11.101,1200,0,0,1.2,27.28165,,,,,,,,,,,,,,,,,,
17,1,11.202,1200,0,0,1.2,28.48165,,,,,,,,,,,,,,,,,,
17,1,11.53,1200,0,650,0.55,29.03165,,,,,,,,,,,,,,,,,,
17,1,12.182,1200,0,0,1.2,30.23165,,,,,,,,,,,,,,,,,,
17,1,12.346,1200,0,0,1.2,31.43165,,,,,,,,,,,,,,,,,,
17,1,13.131,1200,0,0,1.2,32.63165,,,,,,,,,,,,,,,,,,
17,1,14.174,750,0,450,0.3,32.93165,,,,,,,,,,,,,,,,,,
17,1,15.028,750,0,0,0.75,33.68165,,,,,,,,,,,,,,,,,,
17,1,17,1850,338,1100,0.1247,33.80635,,,,,,,,,,,,,,,,,,
17,1,18,1850,610,0,0.7215,34.52785,,,,,,,,,,,,,,,,,,
17,1,19,1850,337,0,1.22655,35.7544,,,,,,,,,,,,,,,,,,
17,1,20,1850,593,0,0.75295,36.50735,,,,,,,,,,,,,,,,,,
17,1,20.805,1850,0,0,1.85,38.35735,,,,,,,,,,,,,,,,,,
17,1,20.914,1850,0,0,1.85,40.20735,,,,,,,,,,,,,,,,,,
17,1,21.624,1850,0,650,1.2,41.40735,,,,,,,,,,,,,,,,,,
17,1,21.745,1850,0,0,1.85,43.25735,,,,,,,,,,,,,,,,,,
17,1,23.049,1850,0,0,1.85,45.10735,,,,,,,,,,,,,,,,,,
17,1,23.15,1850,0,0,1.85,46.95735,,,,,,,,,,,,,,,,,,
17,1,23.341,1200,0,650,0.55,47.50735,,,,,,,,,,,,,,,,,,
17,1,23.921,1200,0,650,0.55,48.05735,,,,,,,,,,,,,,,,,,
17,1,24.903,1850,0,650,1.2,49.25735,,,,,,,,,,,,,,,,,,
17,1,25.667,1200,0,650,0.55,49.80735,,,,,,,,,,,,,,,,,,
17,2,0.284,1200,0,0,1.2,51.00735,,,,,,,,,,,,,,,,,,
17,2,1.071,0,0,0,0,51.00735,,,,,,,,,,,,,,,,,,
17,2,1.912,1850,0,1100,0.75,51.75735,,,,,,,,,,,,,,,,,,
17,3,0.589,0,0,0,0,51.75735,,,,,,,,,,,,,,,,,,
17,3,2.388,1850,0,650,1.2,52.95735,,,,,,,,,,,,,,,,,,
17,3,4,1850,24,0,1.8056,54.76295,,,,,,,,,,,,,,,,,,
17,3,4.276,1850,0,1850,0,54.76295,,,,,,,,,,,,,,,,,,
17,3,4.41,0,0,0,0,54.76295,,,,,,,,,,,,,,,,,,
17,3,4.836,0,0,0,0,54.76295,,,,,,,,,,,,,,,,,,
17,3,5.336,0,0,0,0,54.76295,,,,,,,,,,,,,,,,,,
17,4,0.415,0,0,0,0,54.76295,,,,,,,,,,,,,,,,,,
17,4,0.97,0,0,0,0,54.76295,,,,,,,,,,,,,,,,,,
17,4,1.47,0,0,0,0,54.76295,,,,,,,,,,,,,,,,,,
17,4,1.97,0,0,0,0,54.76295,,,,,,,,,,,,,,,,,,
17,4,2.47,0,0,0,0,54.76295,,,,,,,,,,,,,,,,,,
17,4,2.836,0,0,0,0,54.76295,,,,,,,,,,,,,,,,,,
17,5,0.448,0,0,0,0,54.76295,,,,,,,,,,,,,,,,,,
17,5,0.854,750,0,450,0.3,55.06295,,,,,,,,,,,,,,,,,,
17,5,1.665,750,0,0,0.75,55.81295,,,,,,,,,,,,,,,,,,
17,5,2.165,0,0,0,0,55.81295,,,,,,,,,,,,,,,,,,
17,5,2.665,0,0,0,0,55.81295,,,,,,,,,,,,,,,,,,
17,5,3.165,0,0,0,0,55.81295,,,,,,,,,,,,,,,,,,
17,5,3.907,750,0,1850,-1.1,54.71295,,,,,,,,,,,,,,,,,,
17,5,4.407,0,0,0,0,54.71295,,,,,,,,,,,,,,,,,,
17,5,4.907,0,0,0,0,54.71295,,,,,,,,,,,,,,,,,,
17,6,0.026,0,0,0,0,54.71295,,,,,,,,,,,,,,,,,,
17,7,0.026,0,0,0,0,54.71295,,,,,,,,,,,,,,,,,,
18,0,0,750,768,0,-0.6708,-0.6708,,,,,,,,,,,,,,,,,,
18,0,1,750,49,0,0.65935,-0.01145,,,,,,,,,,,,,,,,,,
18,0,2,750,301,0,0.19315,0.1817,,,,,,,,,,,,,,,,,,
18,0,2.819,750,0,0,0.75,0.9317,,,,,,,,,,,,,,,,,,
18,0,3.574,1200,0,450,0.75,1.6817,,,,,,,,,,,,,,,,,,
18,0,5,750,304,450,-0.2624,1.4193,,,,,,,,,,,,,,,,,,
18,0,6,750,219,0,0.34485,1.76415,,,,,,,,,,,,,,,,,,
18,0,7,750,314,0,0.1691,1.93325,,,,,,,,,,,,,,,,,,
18,0,8,750,112,0,0.5428,2.47605,,,,,,,,,,,,,,,,,,
18,0,9,750,11,0,0.72965,3.2057,,,,,,,,,,,,,,,,,,
18,0,9.821,750,0,0,0.75,3.9557,,,,,,,,,,,,,,,,,,
18,0,10.799,750,0,0,0.75,4.7057,,,,,,,,,,,,,,,,,,
18,0,12,750,243,0,0.30045,5.00615,,,,,,,,,,,,,,,,,,
18,0,12.877,1200,0,450,0.75,5.75615,,,,,,,,,,,,,,,,,,
18,0,13.332,1200,0,0,1.2,6.95615,,,,,,,,,,,,,,,,,,
18,0,13.809,750,0,450,0.3,7.25615,,,,,,,,,,,,,,,,,,
18,0,13.967,1200,0,0,1.2,8.45615,,,,,,,,,,,,,,,,,,
18,0,14.125,1200,0,0,1.2,9.65615,,,,,,,,,,,,,,,,,,
18,0,15.712,750,0,0,0.75,10.40615,,,,,,,,,,,,,,,,,,
18,0,16.274,1200,0,0,1.2,11.60615,,,,,,,,,,,,,,,,,,
18,1,0.462,1200,0,0,1.2,12.80615,,,,,,,,,,,,,,,,,,
18,1,2.595,750,0,450,0.3,13.10615,,,,,,,,,,,,,,,,,,
18,1,3.89,750,0,0,0.75,13.85615,,,,,,,,,,,,,,,,,,
18,1,5,750,303,0,0.18945,14.0456,,,,,,,,,,,,,,,,,,
18,1,6,750,294,0,0.2061,14.2517,,,,,,,,,,,,,,,,,,
18,1,6.943,750,0,0,0.75,15.0017,,,,,,,,,,,,,,,,,,
18,1,7.726,750,0,0,0.75,15.7517,,,,,,,,,,,,,,,,,,
18,1,8.527,750,0,0,0.75,16.5017,,,,,,,,,,,,,,,,,,
18,1,9.49,750,0,0,0.75,17.2517,,,,,,,,,,,,,,,,,,
18,1,9.954,750,0,0,0.75,18.0017,,,,,,,,,,,,,,,,,,
18,1,11.314,1200,0,0,1.2,19.2017,,,,,,,,,,,,,,,,,,
18,1,12,1200,351,450,0.10065,19.30235,,,,,,,,,,,,,,,,,,
18,1,12.168,1200,0,0,1.2,20.50235,,,,,,,,,,,,,,,,,,
18,1,12.339,1200,0,0,1.2,21.70235,,,,,,,,,,,,,,,,,,
18,1,13.191,0,0,0,0,21.70235,,,,,,,,,,,,,,,,,,
18,1,15,750,431,450,-0.49735,21.205,,,,,,,,,,,,,,,,,,
18,1,16,750,1547,0,-2.11195,19.09305,,,,,,,,,,,,,,,,,,
18,1,17,750,482,0,-0.1417,18.95135,,,,,,,,,,,,,,,,,,
18,1,17.635,750,0,0,0.75,19.70135,,,,,,,,,,,,,,,,,,
18,1,18.09,750,0,0,0.75,20.45135,,,,,,,,,,,,,,,,,,
18,1,18.468,750,0,0,0.75,21.20135,,,,,,,,,,,,,,,,,,
18,1,18.998,1200,0,0,1.2,22.40135,,,,,,,,,,,,,,,,,,
18,1,19.675,1200,0,0,1.2,23.60135,,,,,,,,,,,,,,,,,,
18,1,20.202,1200,0,450,0.75,24.35135,,,,,,,,,,,,,,,,,,
18,1,20.305,1200,0,0,1.2,25.55135,,,,,,,,,,,,,,,,,,
18,1,21.289,1200,0,0,1.2,26.75135,,,,,,,,,,,,,,,,,,
18,1,21.485,1200,0,0,1.2,27.95135,,,,,,,,,,,,,,,,,,
18,1,21.912,1200,0,650,0.55,28.50135,,,,,,,,,,,,,,,,,,
18,1,22.518,1200,0,0,1.2,29.70135,,,,,,,,,,,,,,,,,,
18,1,22.622,1200,0,0,1.2,30.90135,,,,,,,,,,,,,,,,,,
18,1,23.412,1200,0,0,1.2,32.10135,,,,,,,,,,,,,,,,,,
18,1,23.616,1200,0,0,1.2,33.30135,,,,,,,,,,,,,,,,,,
18,1,23.993,1200,0,0,1.2,34.50135,,,,,,,,,,,,,,,,,,
18,1,24.717,1200,0,0,1.2,35.70135,,,,,,,,,,,,,,,,,,
18,1,25.319,1200,0,0,1.2,36.90135,,,,,,,,,,,,,,,,,,
18,1,25.819,0,0,0,0,36.90135,,,,,,,,,,,,,,,,,,
18,2,0.319,0,0,0,0,36.90135,,,,,,,,,,,,,,,,,,
18,2,1.203,0,0,0,0,36.90135,,,,,,,,,,,,,,,,,,
18,2,1.894,1200,0,450,0.75,37.65135,,,,,,,,,,,,,,,,,,
18,3,0.629,0,0,0,0,37.65135,,,,,,,,,,,,,,,,,,
18,3,1.098,750,0,450,0.3,37.95135,,,,,,,,,,,,,,,,,,
18,3,1.64,1200,0,450,0.75,38.70135,,,,,,,,,,,,,,,,,,
18,3,2.518,0,0,0,0,38.70135,,,,,,,,,,,,,,,,,,
18,3,3.018,0,0,0,0,38.70135,,,,,,,,,,,,,,,,,,
18,3,3.316,1200,0,1200,0,38.70135,,,,,,,,,,,,,,,,,,
18,3,3.816,0,0,0,0,38.70135,,,,,,,,,,,,,,,,,,
18,3,4.316,0,0,0,0,38.70135,,,,,,,,,,,,,,,,,,
18,3,4.44,0,0,0,0,38.70135,,,,,,,,,,,,,,,,,,
18,3,4.94,0,0,0,0,38.70135,,,,,,,,,,,,,,,,,,
18,3,5.44,0,0,0,0,38.70135,,,,,,,,,,,,,,,,,,
18,4,0.449,0,0,0,0,38.70135,,,,,,,,,,,,,,,,,,
18,4,1.07,0,0,0,0,38.70135,,,,,,,,,,,,,,,,,,
18,4,1.57,0,0,0,0,38.70135,,,,,,,,,,,,,,,,,,
18,4,2.07,0,0,0,0,38.70135,,,,,,,,,,,,,,,,,,
18,4,2.41,0,0,0,0,38.70135,,,,,,,,,,,,,,,,,,
18,5,0.022,0,0,0,0,38.70135,,,,,,,,,,,,,,,,,,
18,5,0.58,750,0,450,0.3,39.00135,,,,,,,,,,,,,,,,,,
18,5,1.351,750,0,0,0.75,39.75135,,,,,,,,,,,,,,,,,,
18,5,1.851,0,0,0,0,39.75135,,,,,,,,,,,,,,,,,,
18,5,2.351,0,0,0,0,39.75135,,,,,,,,,,,,,,,,,,
18,5,2.851,0,0,0,0,39.75135,,,,,,,,,,,,,,,,,,
18,5,3.351,0,0,0,0,39.75135,,,,,,,,,,,,,,,,,,
18,5,4.017,750,0,1200,-0.45,39.30135,,,,,,,,,,,,,,,,,,
18,5,4.517,0,0,0,0,39.30135,,,,,,,,,,,,,,,,,,
18,5,5.017,0,0,0,0,39.30135,,,,,,,,,,,,,,,,,,
18,6,0.136,0,0,0,0,39.30135,,,,,,,,,,,,,,,,,,
18,7,0.136,0,0,0,0,39.30135,,,,,,,,,,,,,,,,,,
19,0,0,750,930,0,-0.9705,-0.9705,,,,,,,,,,,,,,,,,,
19,0,1,750,182,0,0.4133,-0.5572,,,,,,,,,,,,,,,,,,
19,0,2,750,178,0,0.4207,-0.1365,,,,,,,,,,,,,,,,,,
19,0,2.408,750,0,0,0.75,0.6135,,,,,,,,,,,,,,,,,,
19,0,2.765,1200,0,450,0.75,1.3635,,,,,,,,,,,,,,,,,,
19,0,3.989,750,0,450,0.3,1.6635,,,,,,,,,,,,,,,,,,
19,0,4.112,1200,0,0,1.2,2.8635,,,,,,,,,,,,,,,,,,
19,0,4.936,750,0,0,0.75,3.6135,,,,,,,,,,,,,,,,,,
19,0,5.077,1200,0,0,1.2,4.8135,,,,,,,,,,,,,,,,,,
19,0,5.766,750,0,0,0.75,5.5635,,,,,,,,,,,,,,,,,,
19,0,6.132,1200,0,0,1.2,6.7635,,,,,,,,,,,,,,,,,,
19,0,6.564,750,0,0,0.75,7.5135,,,,,,,,,,,,,,,,,,
19,0,7.014,1200,0,0,1.2,8.7135,,,,,,,,,,,,,,,,,,
19,0,8.325,1200,0,450,0.75,9.4635,,,,,,,,,,,,,,,,,,
19,0,9.364,1200,0,0,1.2,10.6635,,,,,,,,,,,,,,,,,,
19,0,10.007,1200,0,0,1.2,11.8635,,,,,,,,,,,,,,,,,,
19,0,10.549,750,0,450,0.3,12.1635,,,,,,,,,,,,,,,,,,
19,0,11.186,1200,0,0,1.2,13.3635,,,,,,,,,,,,,,,,,,
19,0,11.467,1200,0,450,0.75,14.1135,,,,,,,,,,,,,,,,,,
19,0,12.092,0,0,0,0,14.1135,,,,,,,,,,,,,,,,,,
19,0,12.438,1850,0,650,1.2,15.3135,,,,,,,,,,,,,,,,,,
19,0,13.019,1850,0,650,1.2,16.5135,,,,,,,,,,,,,,,,,,
19,0,14.043,1850,0,0,1.85,18.3635,,,,,,,,,,,,,,,,,,
19,0,14.951,1850,0,0,1.85,20.2135,,,,,,,,,,,,,,,,,,
19,0,15.557,1850,0,0,1.85,22.0635,,,,,,,,,,,,,,,,,,
19,0,16.336,1850,0,0,1.85,23.9135,,,,,,,,,,,,,,,,,,
19,1,0.295,1850,0,650,1.2,25.1135,,,,,,,,,,,,,,,,,,
19,1,2.331,1850,0,650,1.2,26.3135,,,,,,,,,,,,,,,,,,
19,1,3.979,1850,0,0,1.85,28.1635,,,,,,,,,,,,,,,,,,
19,1,5,1850,515,0,0.89725,29.06075,,,,,,,,,,,,,,,,,,
19,1,6,1850,326,0,1.2469,30.30765,,,,,,,,,,,,,,,,,,
19,1,7,1850,665,0,0.61975,30.9274,,,,,,,,,,,,,,,,,,
19,1,8,1850,864,0,0.2516,31.179,,,,,,,,,,,,,,,,,,
19,1,9,1850,641,0,0.66415,31.84315,,,,,,,,,,,,,,,,,,
19,1,10,1850,322,0,1.2543,33.09745,,,,,,,,,,,,,,,,,,
19,1,11,1850,839,0,0.29785,33.3953,,,,,,,,,,,,,,,,,,
19,1,12,1850,148,0,1.5762,34.9715,,,,,,,,,,,,,,,,,,
19,1,12.146,1850,0,0,1.85,36.8215,,,,,,,,,,,,,,,,,,
19,1,12.295,1850,0,0,1.85,38.6715,,,,,,,,,,,,,,,,,,
19,1,13.794,1850,0,0,1.85,40.5215,,,,,,,,,,,,,,,,,,
19,1,15,1850,4174,0,-5.8719,34.6496,,,,,,,,,,,,,,,,,,
19,1,16,1850,3020,0,-3.737,30.9126,,,,,,,,,,,,,,,,,,
19,1,17,1850,5254,0,-7.8699,23.0427,,,,,,,,,,,,,,,,,,
19,1,18,1850,4652,0,-6.7562,16.2865,,,,,,,,,,,,,,,,,,
19,1,19,1850,3922,0,-5.4057,10.8808,,,,,,,,,,,,,,,,,,
19,1,20,1850,3702,0,-4.9987,5.8821,,,,,,,,,,,,,,,,,,
19,1,21,1200,177,650,0.22255,6.10465,,,,,,,,,,,,,,,,,,
19,1,21.126,1200,0,0,1.2,7.30465,,,,,,,,,,,,,,,,,,
19,1,21.293,1200,0,0,1.2,8.50465,,,,,,,,,,,,,,,,,,
19,1,22.536,750,0,1100,-0.35,8.15465,,,,,,,,,,,,,,,,,,
19,1,22.632,1200,0,0,1.2,9.35465,,,,,,,,,,,,,,,,,,
19,1,22.873,750,0,0,0.75,10.10465,,,,,,,,,,,,,,,,,,
19,1,23.196,750,0,0,0.75,10.85465,,,,,,,,,,,,,,,,,,
19,1,23.578,1200,0,0,1.2,12.05465,,,,,,,,,,,,,,,,,,
19,1,24.367,750,0,0,0.75,12.80465,,,,,,,,,,,,,,,,,,
19,1,24.867,0,0,0,0,12.80465,,,,,,,,,,,,,,,,,,
19,1,25.367,0,0,0,0,12.80465,,,,,,,,,,,,,,,,,,
19,1,25.867,0,0,0,0,12.80465,,,,,,,,,,,,,,,,,,
19,2,0.367,0,0,0,0,12.80465,,,,,,,,,,,,,,,,,,
19,2,0.923,0,0,0,0,12.80465,,,,,,,,,,,,,,,,,,
19,2,1.548,1200,0,450,0.75,13.55465,,,,,,,,,,,,,,,,,,
19,3,0.791,0,0,0,0,13.55465,,,,,,,,,,,,,,,,,,
19,3,1.728,750,0,1100,-0.35,13.20465,,,,,,,,,,,,,,,,,,
19,3,2.368,750,0,0,0.75,13.95465,,,,,,,,,,,,,,,,,,
19,3,3.321,0,0,0,0,13.95465,,,,,,,,,,,,,,,,,,
19,3,3.689,1200,0,2300,-1.1,12.85465,,,,,,,,,,,,,,,,,,
19,3,4.189,0,0,0,0,12.85465,,,,,,,,,,,,,,,,,,
19,3,4.349,0,0,0,0,12.85465,,,,,,,,,,,,,,,,,,
19,3,4.849,0,0,0,0,12.85465,,,,,,,,,,,,,,,,,,
19,3,5.349,0,0,0,0,12.85465,,,,,,,,,,,,,,,,,,
19,4,0.793,0,0,0,0,12.85465,,,,,,,,,,,,,,,,,,
19,4,1.842,0,0,0,0,12.85465,,,,,,,,,,,,,,,,,,
19,4,2.342,0,0,0,0,12.85465,,,,,,,,,,,,,,,,,,
19,5,0.179,0,0,0,0,12.85465,,,,,,,,,,,,,,,,,,
19,5,0.924,750,0,0,0.75,13.60465,,,,,,,,,,,,,,,,,,
19,5,2.647,750,0,0,0.75,14.35465,,,,,,,,,,,,,,,,,,
19,5,3.147,0,0,0,0,14.35465,,,,,,,,,,,,,,,,,,
19,5,3.935,750,0,1200,-0.45,13.90465,,,,,,,,,,,,,,,,,,
19,5,4.435,0,0,0,0,13.90465,,,,,,,,,,,,,,,,,,
19,5,4.935,0,0,0,0,13.90465,,,,,,,,,,,,,,,,,,
19,6,0.054,0,0,0,0,13.90465,,,,,,,,,,,,,,,,,,
19,7,0.054,0,0,0,0,13.90465,,,,,,,,,,,,,,,,,,
